Session;Date;Treatment;Protocol;Stage;Trial;ID;Latency;Reason;Mode;Scoring;Force;TargetForce;RampDuration;CutoffTime;LegacyMode;TouchPause;TouchForce;TimeThreshold
3137;07/02/2025 09:19:54;CCD;AMN;PRE;C;DW368;1.8;Detection;Ramp;Auto;19.20;60.00;6;5;OFF;1.2;0.3;0.0
3138;07/02/2025 09:20:12;CCD;AMN;PRE;C;DW368;5.1;Detection;Ramp;Auto;51.04;60.00;6;5;OFF;1.2;0.3;0.0
3139;07/02/2025 09:20:29;CCD;AMN;PRE;C;DW368;6.2;Detection;Ramp;Auto;60.00;60.00;6;5;OFF;1.2;0.3;0.0
3140;07/02/2025 09:20:39;CCD;AMN;PRE;C;DW368;0.0;Manual Stop;Ramp;Auto;0.30;60.00;6;5;OFF;1.2;0.3;0.0
3141;07/02/2025 09:20:47;CCD;AMN;PRE;C;DW368;5.3;Detection;Ramp;Auto;54.03;60.00;6;5;OFF;1.2;0.3;0.0
3142;07/02/2025 09:20:59;CCD;AMN;PRE;C;DW368;5.5;Detection;Ramp;Auto;55.36;60.00;6;5;OFF;1.2;0.3;0.0
3143;07/02/2025 09:21:14;CCD;AMN;PRE;C;DW368;5.6;Detection;Ramp;Auto;55.03;60.00;6;5;OFF;1.2;0.3;0.0
3144;07/02/2025 09:21:26;CCD;AMN;PRE;C;DW368;5.3;Detection;Ramp;Auto;53.03;60.00;6;5;OFF;1.2;0.3;0.0
3145;07/02/2025 09:21:38;CCD;AMN;PRE;C;DW368;3.2;Detection;Ramp;Auto;32.14;60.00;6;5;OFF;1.2;0.3;0.0
3146;07/02/2025 09:21:53;CCD;AMN;PRE;C;DW368;2.9;Detection;Ramp;Auto;29.49;60.00;6;5;OFF;1.2;0.3;0.0
3147;07/02/2025 09:22:00;CCD;AMN;PRE;C;DW368;0.0;Manual Stop;Ramp;Auto;0.30;60.00;6;5;OFF;1.2;0.3;0.0
3148;07/02/2025 09:22:08;CCD;AMN;PRE;C;DW368;5.2;Detection;Ramp;Auto;50.71;60.00;6;5;OFF;1.2;0.3;0.0
3149;07/02/2025 09:22:19;CCD;AMN;PRE;C;DW368;3.5;Detection;Ramp;Auto;36.12;60.00;6;5;OFF;1.2;0.3;0.0
3150;07/02/2025 09:22:37;CCD;AMN;PRE;C;DW368;5.8;Detection;Ramp;Auto;56.68;60.00;6;5;OFF;1.2;0.3;0.0
3151;07/02/2025 09:22:58;CCD;AMN;PRE;I;DW368;0.0;Manual Stop;Ramp;Auto;0.30;60.00;6;5;OFF;1.2;0.3;0.0
3152;07/02/2025 09:23:07;CCD;AMN;PRE;I;DW368;4.2;Detection;Ramp;Auto;41.76;60.00;6;5;OFF;1.2;0.3;0.0
3153;07/02/2025 09:23:16;CCD;AMN;PRE;I;DW368;0.0;Manual Stop;Ramp;Auto;0.30;60.00;6;5;OFF;1.2;0.3;0.0
3154;07/02/2025 09:23:21;CCD;AMN;PRE;I;DW368;2.6;Detection;Ramp;Auto;26.17;60.00;6;5;OFF;1.2;0.3;0.0
3155;07/02/2025 09:23:35;CCD;AMN;PRE;I;DW368;4.8;Detection;Ramp;Auto;48.39;60.00;6;5;OFF;1.2;0.3;0.0
3156;07/02/2025 09:23:43;CCD;AMN;PRE;I;DW368;1.5;Detection;Ramp;Auto;15.89;60.00;6;5;OFF;1.2;0.3;0.0
3157;07/02/2025 09:23:53;CCD;AMN;PRE;I;DW368;1.3;Detection;Ramp;Auto;13.90;60.00;6;5;OFF;1.2;0.3;0.0
3158;07/02/2025 09:24:28;CCD;AMN;PRE;I;DW368;3.6;Detection;Ramp;Auto;36.45;60.00;6;5;OFF;1.2;0.3;0.0
3159;07/02/2025 09:24:53;CCD;AMN;PRE;I;DW368;4.7;Detection;Ramp;Auto;47.06;60.00;6;5;OFF;1.2;0.3;0.0
3160;07/02/2025 09:25:03;CCD;AMN;PRE;I;DW368;2.0;Detection;Ramp;Auto;20.86;60.00;6;5;OFF;1.2;0.3;0.0
3161;07/02/2025 09:25:14;CCD;AMN;PRE;I;DW368;2.8;Detection;Ramp;Auto;29.16;60.00;6;5;OFF;1.2;0.3;0.0
3162;07/02/2025 09:25:22;CCD;AMN;PRE;I;DW368;2.2;Detection;Ramp;Auto;22.85;60.00;6;5;OFF;1.2;0.3;0.0
3163;07/02/2025 09:25:45;CCD;AMN;PRE;I;DW368;0.0;Manual Stop;Ramp;Auto;0.30;60.00;6;5;OFF;1.2;0.3;0.0
3164;07/02/2025 09:25:51;CCD;AMN;PRE;I;DW368;2.7;Detection;Ramp;Auto;27.17;60.00;6;5;OFF;1.2;0.3;0.0
3165;07/02/2025 09:26:01;CCD;AMN;PRE;I;DW368;1.8;Detection;Ramp;Auto;18.54;60.00;6;5;OFF;1.2;0.3;0.0
3166;07/02/2025 10:38:51;CCD;AMN;PRE;I;DW369;0.9;Detection;Ramp;Auto;9.59;60.00;6;5;OFF;1.2;0.3;0.0
3167;07/02/2025 10:39:00;CCD;AMN;PRE;I;DW369;2.9;Detection;Ramp;Auto;29.16;60.00;6;5;OFF;1.2;0.3;0.0
3168;07/02/2025 10:40:01;CCD;AMN;PRE;I;DW369;5.9;Detection;Ramp;Auto;58.67;60.00;6;5;OFF;1.2;0.3;0.0
3169;07/02/2025 10:40:39;CCD;AMN;PRE;I;DW369;3.8;Detection;Ramp;Auto;38.77;60.00;6;5;OFF;1.2;0.3;0.0
3170;07/02/2025 10:41:57;CCD;AMN;PRE;I;DW369;0.0;Manual Stop;Ramp;Auto;0.30;60.00;6;5;OFF;1.2;0.3;0.0
3171;07/02/2025 10:41:59;CCD;AMN;PRE;I;DW369;0.0;Detection;Ramp;Auto;0.30;60.00;6;5;OFF;1.2;0.3;0.0
3172;07/02/2025 10:42:05;CCD;AMN;PRE;I;DW369;0.9;Detection;Ramp;Auto;9.59;60.00;6;5;OFF;1.2;0.3;0.0
3173;07/02/2025 10:42:46;CCD;AMN;PRE;I;DW369;1.1;Detection;Ramp;Auto;11.91;60.00;6;5;OFF;1.2;0.3;0.0
3174;07/02/2025 10:43:01;CCD;AMN;PRE;I;DW369;3.5;Detection;Ramp;Auto;34.13;60.00;6;5;OFF;1.2;0.3;0.0
3175;07/02/2025 10:43:28;CCD;AMN;PRE;I;DW369;3.5;Detection;Ramp;Auto;35.13;60.00;6;5;OFF;1.2;0.3;0.0
3176;07/02/2025 10:44:45;CCD;AMN;PRE;I;DW369;4.7;Detection;Ramp;Auto;46.73;60.00;6;5;OFF;1.2;0.3;0.0
3177;07/02/2025 10:45:44;CCD;AMN;PRE;I;DW369;0.0;Manual Stop;Ramp;Auto;0.30;60.00;6;5;OFF;1.2;0.3;0.0
3178;07/02/2025 10:45:54;CCD;AMN;PRE;I;DW369;1.1;Detection;Ramp;Auto;11.91;60.00;6;5;OFF;1.2;0.3;0.0
3179;07/02/2025 10:47:17;CCD;AMN;PRE;I;DW369;0.2;Detection;Ramp;Auto;2.62;60.00;6;5;OFF;1.2;0.3;0.0
3180;07/02/2025 10:47:36;CCD;AMN;PRE;I;DW369;3.7;Detection;Ramp;Auto;38.11;60.00;6;5;OFF;1.2;0.3;0.0
3181;07/02/2025 10:47:54;CCD;AMN;PRE;I;DW369;11.0;Cutoff;Ramp;Auto;60.00;60.00;6;5;OFF;1.2;0.3;0.0
3182;07/02/2025 10:48:00;CCD;AMN;PRE;I;DW369;2.0;Detection;Ramp;Auto;19.54;60.00;6;5;OFF;1.2;0.3;0.0
3183;07/02/2025 10:49:51;CCD;AMN;PRE;C;DW369;1.9;Undefined;Ramp;Auto;19.54;60.00;6;5;OFF;1.2;0.3;0.0
3184;07/02/2025 10:49:58;CCD;AMN;PRE;C;DW369;3.9;Detection;Ramp;Auto;38.77;60.00;6;5;OFF;1.2;0.3;0.0
3185;07/02/2025 10:50:04;CCD;AMN;PRE;C;DW369;2.3;Detection;Ramp;Auto;23.85;60.00;6;5;OFF;1.2;0.3;0.0
3186;07/02/2025 10:50:13;CCD;AMN;PRE;C;DW369;4.6;Detection;Ramp;Auto;46.40;60.00;6;5;OFF;1.2;0.3;0.0
3187;07/02/2025 10:51:14;CCD;AMN;PRE;C;DW369;0.0;Manual Stop;Ramp;Auto;0.30;60.00;6;5;OFF;1.2;0.3;0.0
3188;07/02/2025 10:51:22;CCD;AMN;PRE;C;DW369;0.9;Detection;Ramp;Auto;9.92;60.00;6;5;OFF;1.2;0.3;0.0
3189;07/02/2025 10:51:32;CCD;AMN;PRE;C;DW369;3.6;Detection;Ramp;Auto;36.12;60.00;6;5;OFF;1.2;0.3;0.0
3190;07/02/2025 10:51:49;CCD;AMN;PRE;I;DW369;0.0;Manual Stop;Ramp;Auto;0.30;60.00;6;5;OFF;1.2;0.3;0.0
3191;07/02/2025 10:51:55;CCD;AMN;PRE;I;DW369;4.1;Detection;Ramp;Auto;41.10;60.00;6;5;OFF;1.2;0.3;0.0
3192;07/02/2025 10:52:04;CCD;AMN;PRE;I;DW369;3.9;Detection;Ramp;Auto;39.10;60.00;6;5;OFF;1.2;0.3;0.0
3193;07/02/2025 10:52:11;CCD;AMN;PRE;I;DW369;4.0;Detection;Ramp;Auto;40.43;60.00;6;5;OFF;1.2;0.3;0.0
3194;07/02/2025 10:52:17;CCD;AMN;PRE;I;DW369;2.2;Detection;Ramp;Auto;22.85;60.00;6;5;OFF;1.2;0.3;0.0
3195;07/02/2025 10:52:25;CCD;AMN;PRE;I;DW369;3.1;Detection;Ramp;Auto;31.15;60.00;6;5;OFF;1.2;0.3;0.0
3196;07/02/2025 10:52:43;CCD;AMN;PRE;I;DW369;4.7;Detection;Ramp;Auto;46.73;60.00;6;5;OFF;1.2;0.3;0.0
3197;07/03/2025 13:53:27;CCD;AMN;POST;TEST;DW369;1.8;Detection;Ramp;Auto;19.20;60.00;6;5;OFF;1.2;0.3;0.0
3198;07/03/2025 13:53:38;CCD;AMN;POST;TEST;DW369;4.5;Detection;Ramp;Auto;45.41;60.00;6;5;OFF;1.2;0.3;0.0
3199;07/03/2025 13:54:02;CCD;AMN;POST;TEST;DW369;3.3;Detection;Ramp;Auto;32.80;60.00;6;5;OFF;1.2;0.3;0.0
3200;07/03/2025 13:54:19;CCD;AMN;POST;TEST;DW369;0.0;Manual Stop;Ramp;Auto;0.30;60.00;6;5;OFF;1.2;0.3;0.0
3201;07/03/2025 13:54:24;CCD;AMN;POST;TEST;DW369;1.0;Detection;Ramp;Auto;10.58;60.00;6;5;OFF;1.2;0.3;0.0
3202;07/03/2025 13:54:33;CCD;AMN;POST;TEST;DW369;2.7;Detection;Ramp;Auto;27.50;60.00;6;5;OFF;1.2;0.3;0.0
3203;07/03/2025 13:54:41;CCD;AMN;POST;TEST;DW369;0.8;Detection;Ramp;Auto;8.92;60.00;6;5;OFF;1.2;0.3;0.0
3204;07/03/2025 13:55:16;CCD;AMN;POST;TEST;DW369;0.0;Manual Stop;Ramp;Auto;0.30;60.00;6;5;OFF;1.2;0.3;0.0
3205;07/03/2025 13:55:21;CCD;AMN;POST;TEST;DW369;2.4;Detection;Ramp;Auto;23.85;60.00;6;5;OFF;1.2;0.3;0.0
3206;07/03/2025 13:56:15;CCD;AMN;POST;TEST;DW369;0.0;Manual Stop;Ramp;Auto;0.00;60.00;6;5;OFF;1.2;0.3;0.0
3207;07/03/2025 13:56:19;CCD;AMN;POST;TEST;DW369;0.5;Detection;Ramp;Auto;5.61;60.00;6;5;OFF;1.2;0.3;0.0
3208;07/03/2025 13:56:29;CCD;AMN;POST;TEST;DW369;3.2;Detection;Ramp;Auto;32.47;60.00;6;5;OFF;1.2;0.3;0.0
3209;07/03/2025 13:57:45;CCD;AMN;POST;TEST;DW369;0.0;Manual Stop;Ramp;Auto;0.30;60.00;6;5;OFF;1.2;0.3;0.0
3210;07/03/2025 13:57:48;CCD;AMN;POST;TEST;DW369;0.2;Detection;Ramp;Auto;2.62;60.00;6;5;OFF;1.2;0.3;0.0
3211;07/03/2025 13:58:26;CCD;AMN;POST;TEST;DW369;3.2;Detection;Ramp;Auto;33.13;60.00;6;5;OFF;1.2;0.3;0.0
3212;07/03/2025 13:58:46;CCD;AMN;POST;TEST;DW369;1.5;Detection;Ramp;Auto;15.23;60.00;6;5;OFF;1.2;0.3;0.0
3213;07/03/2025 13:59:33;CCD;AMN;POST;TEST;DW369;1.7;Detection;Ramp;Auto;17.22;60.00;6;5;OFF;1.2;0.3;0.0
3214;07/03/2025 14:00:07;CCD;AMN;POST;TEST;DW369;2.9;Detection;Ramp;Auto;29.16;60.00;6;5;OFF;1.2;0.3;0.0
3215;07/03/2025 14:00:46;CCD;AMN;POST;TEST;DW369;2.8;Detection;Ramp;Auto;27.83;60.00;6;5;OFF;1.2;0.3;0.0
3216;07/03/2025 14:01:46;CCD;AMN;POST;TEST;DW369;1.4;Detection;Ramp;Auto;14.23;60.00;6;5;OFF;1.2;0.3;0.0
3217;07/03/2025 14:02:02;CCD;AMN;POST;TEST;DW369;0.0;Detection;Ramp;Auto;0.30;60.00;6;5;OFF;1.2;0.3;0.0
3218;07/03/2025 14:02:36;CCD;AMN;POST;TEST;DW369;0.2;Manual Stop;Ramp;Auto;2.29;60.00;6;5;OFF;1.2;0.3;0.0
3219;07/03/2025 14:02:41;CCD;AMN;POST;TEST;DW369;2.5;Detection;Ramp;Auto;25.84;60.00;6;5;OFF;1.2;0.3;0.0
3220;07/03/2025 14:03:22;CCD;AMN;POST;TEST;DW369;0.0;Manual Stop;Ramp;Auto;0.63;60.00;6;5;OFF;1.2;0.3;0.0
3221;07/03/2025 14:03:25;CCD;AMN;POST;TEST;DW369;0.0;Manual Stop;Ramp;Auto;0.30;60.00;6;5;OFF;1.2;0.3;0.0
3222;07/03/2025 14:03:31;CCD;AMN;POST;TEST;DW369;0.3;Manual Stop;Ramp;Auto;2.62;60.00;6;5;OFF;1.2;0.3;0.0
3223;07/03/2025 14:03:33;CCD;AMN;POST;TEST;DW369;0.0;Manual Stop;Ramp;Auto;0.30;60.00;6;5;OFF;1.2;0.3;0.0
3224;07/03/2025 14:03:36;CCD;AMN;POST;TEST;DW369;0.0;Manual Stop;Ramp;Auto;0.30;60.00;6;5;OFF;1.2;0.3;0.0
3225;07/03/2025 14:03:41;CCD;AMN;POST;TEST;DW369;2.4;Detection;Ramp;Auto;25.17;60.00;6;5;OFF;1.2;0.3;0.0
3226;07/03/2025 14:04:08;CCD;AMN;POST;TEST;DW369;0.0;Manual Stop;Ramp;Auto;0.30;60.00;6;5;OFF;1.2;0.3;0.0
3227;07/03/2025 14:04:11;CCD;AMN;POST;TEST;DW369;0.0;Manual Stop;Ramp;Auto;0.30;60.00;6;5;OFF;1.2;0.3;0.0
3228;07/03/2025 14:04:14;CCD;AMN;POST;TEST;DW369;0.5;Detection;Ramp;Auto;6.27;60.00;6;5;OFF;1.2;0.3;0.0
3229;07/03/2025 14:04:20;CCD;AMN;POST;TEST;DW369;2.6;Detection;Ramp;Auto;26.50;60.00;6;5;OFF;1.2;0.3;0.0
3230;07/03/2025 14:04:53;CCD;AMN;POST;TEST;DW369;1.6;Detection;Ramp;Auto;16.55;60.00;6;5;OFF;1.2;0.3;0.0
3231;07/03/2025 14:04:56;CCD;AMN;POST;TEST;DW369;0.1;Detection;Ramp;Auto;1.63;60.00;6;5;OFF;1.2;0.3;0.0
3232;07/03/2025 14:05:06;CCD;AMN;POST;TEST;DW369;0.0;Manual Stop;Ramp;Auto;0.63;60.00;6;5;OFF;1.2;0.3;0.0
3233;07/03/2025 14:05:09;CCD;AMN;POST;TEST;DW369;0.0;Manual Stop;Ramp;Auto;0.30;60.00;6;5;OFF;1.2;0.3;0.0
3234;07/03/2025 14:05:14;CCD;AMN;POST;TEST;DW369;3.0;Detection;Ramp;Auto;30.15;60.00;6;5;OFF;1.2;0.3;0.0
3235;07/03/2025 14:05:29;CCD;AMN;POST;TEST;DW369;0.0;Detection;Ramp;Auto;0.30;60.00;6;5;OFF;1.2;0.3;0.0
3236;07/03/2025 14:05:47;CCD;AMN;POST;TEST;DW369;0.0;Manual Stop;Ramp;Auto;0.30;60.00;6;5;OFF;1.2;0.3;0.0
3237;07/03/2025 14:05:52;CCD;AMN;POST;TEST;DW369;0.0;Manual Stop;Ramp;Auto;0.30;60.00;6;5;OFF;1.2;0.3;0.0
3238;07/03/2025 14:06:04;CCD;AMN;POST;TEST;DW369;0.0;Manual Stop;Ramp;Auto;0.63;60.00;6;5;OFF;1.2;0.3;0.0
3239;07/03/2025 14:06:07;CCD;AMN;POST;TEST;DW369;0.2;Detection;Ramp;Auto;2.29;60.00;6;5;OFF;1.2;0.3;0.0
3240;07/03/2025 14:06:17;CCD;AMN;POST;TEST;DW369;0.0;Detection;Ramp;Auto;0.30;60.00;6;5;OFF;1.2;0.3;0.0
3241;07/03/2025 14:06:26;CCD;AMN;POST;TEST;DW369;3.1;Detection;Ramp;Auto;31.15;60.00;6;5;OFF;1.2;0.3;0.0
3242;07/03/2025 14:07:35;CCD;AMN;POST;TEST;DW369;10.4;Manual Stop;Ramp;Auto;60.00;60.00;6;5;OFF;1.2;0.3;0.0
3243;07/03/2025 14:07:42;CCD;AMN;POST;TEST;DW369;3.4;Detection;Ramp;Auto;33.80;60.00;6;5;OFF;1.2;0.3;0.0
3244;07/03/2025 14:07:55;CCD;AMN;POST;TEST;DW369;3.6;Detection;Ramp;Auto;36.12;60.00;6;5;OFF;1.2;0.3;0.0
3245;07/03/2025 14:08:04;CCD;AMN;POST;TEST;DW369;4.8;Detection;Ramp;Auto;48.06;60.00;6;5;OFF;1.2;0.3;0.0
3246;07/03/2025 14:08:17;CCD;AMN;POST;TEST;DW369;4.7;Detection;Ramp;Auto;46.73;60.00;6;5;OFF;1.2;0.3;0.0
3247;07/03/2025 14:08:43;CCD;AMN;POST;TEST;DW369;0.2;Manual Stop;Ramp;Auto;2.29;60.00;6;5;OFF;1.2;0.3;0.0
3248;07/03/2025 14:08:51;CCD;AMN;POST;TEST;DW369;3.4;Detection;Ramp;Auto;34.13;60.00;6;5;OFF;1.2;0.3;0.0
3249;07/03/2025 14:09:00;CCD;AMN;POST;TEST;DW369;0.1;Manual Stop;Ramp;Auto;1.29;60.00;6;5;OFF;1.2;0.3;0.0
3250;07/03/2025 14:09:03;CCD;AMN;POST;TEST;DW369;0.8;Detection;Ramp;Auto;9.26;60.00;6;5;OFF;1.2;0.3;0.0
3251;07/03/2025 14:09:14;CCD;AMN;POST;TEST;DW369;4.6;Detection;Ramp;Auto;46.07;60.00;6;5;OFF;1.2;0.3;0.0
3252;07/03/2025 14:10:22;CCD;AMN;POST;TEST;DW369;0.4;Manual Stop;Ramp;Auto;3.62;60.00;6;5;OFF;1.2;0.3;0.0
3253;07/03/2025 14:10:31;CCD;AMN;POST;TEST;DW369;5.8;Detection;Ramp;Auto;57.01;60.00;6;5;OFF;1.2;0.3;0.0
3254;07/03/2025 14:10:50;CCD;AMN;POST;TEST;DW369;4.1;Detection;Ramp;Auto;39.44;60.00;6;5;OFF;1.2;0.3;0.0
3255;07/03/2025 14:11:05;CCD;AMN;POST;TEST;DW369;5.0;Detection;Ramp;Auto;49.39;60.00;6;5;OFF;1.2;0.3;0.0
3256;07/03/2025 14:11:21;CCD;AMN;POST;TEST;DW369;3.1;Detection;Ramp;Auto;30.81;60.00;6;5;OFF;1.2;0.3;0.0
3257;07/03/2025 14:11:40;CCD;AMN;POST;TEST;DW369;3.6;Detection;Ramp;Auto;36.78;60.00;6;5;OFF;1.2;0.3;0.0
3258;07/03/2025 14:12:06;CCD;AMN;POST;TEST;DW369;4.5;Detection;Ramp;Auto;44.08;60.00;6;5;OFF;1.2;0.3;0.0
3259;07/03/2025 14:12:15;CCD;AMN;POST;TEST;DW369;3.3;Detection;Ramp;Auto;33.47;60.00;6;5;OFF;1.2;0.3;0.0
3260;07/03/2025 14:12:40;CCD;AMN;POST;TEST;DW369;2.4;Detection;Ramp;Auto;23.85;60.00;6;5;OFF;1.2;0.3;0.0
3261;07/03/2025 14:12:58;CCD;AMN;POST;TEST;DW369;0.0;Manual Stop;Ramp;Auto;0.30;60.00;6;5;OFF;1.2;0.3;0.0
3262;07/03/2025 14:13:07;CCD;AMN;POST;TEST;DW369;4.2;Detection;Ramp;Auto;42.42;60.00;6;5;OFF;1.2;0.3;0.0
3263;07/03/2025 14:13:39;CCD;AMN;POST;TEST;DW369;0.2;Manual Stop;Ramp;Auto;2.29;60.00;6;5;OFF;1.2;0.3;0.0
3264;07/03/2025 14:13:44;CCD;AMN;POST;TEST;DW369;2.0;Detection;Ramp;Auto;20.86;60.00;6;5;OFF;1.2;0.3;0.0
3265;07/03/2025 14:14:21;CCD;AMN;POST;TEST;DW369;0.2;Detection;Ramp;Auto;2.62;60.00;6;5;OFF;1.2;0.3;0.0
3266;07/03/2025 14:14:47;CCD;AMN;POST;TEST;DW369;3.4;Detection;Ramp;Auto;33.47;60.00;6;5;OFF;1.2;0.3;0.0
3267;07/03/2025 14:14:59;CCD;AMN;POST;TEST;DW369;3.8;Detection;Ramp;Auto;37.45;60.00;6;5;OFF;1.2;0.3;0.0
3268;07/03/2025 14:15:06;CCD;AMN;POST;TEST;DW369;0.3;Detection;Ramp;Auto;4.28;60.00;6;5;OFF;1.2;0.3;0.0
3269;07/03/2025 14:18:10;CCD;AMN;POST;TEST;DW369;0.0;Manual Stop;Ramp;Auto;0.63;60.00;6;5;OFF;1.2;0.3;0.0
3270;07/03/2025 14:18:13;CCD;AMN;POST;TEST;DW369;0.0;Manual Stop;Ramp;Auto;0.30;60.00;6;5;OFF;1.2;0.3;0.0
3271;07/03/2025 14:18:22;CCD;AMN;POST;TEST;DW369;0.2;Manual Stop;Ramp;Auto;2.29;60.00;6;5;OFF;1.2;0.3;0.0
3272;07/03/2025 14:18:46;CCD;AMN;POST;TEST;DW369;0.4;Detection;Ramp;Auto;4.28;60.00;6;5;OFF;1.2;0.3;0.0
3273;07/03/2025 14:19:00;CCD;AMN;POST;TEST;DW369;11.0;Cutoff;Ramp;Auto;60.00;60.00;6;5;OFF;1.2;0.3;0.0
3274;07/03/2025 14:19:06;CCD;AMN;POST;TEST;DW369;0.1;Manual Stop;Ramp;Auto;1.29;60.00;6;5;OFF;1.2;0.3;0.0
3275;07/03/2025 14:19:10;CCD;AMN;POST;TEST;DW369;0.2;Detection;Ramp;Auto;2.29;60.00;6;5;OFF;1.2;0.3;0.0
3276;07/03/2025 14:23:02;CCD;AMN;POST;I;DW369;1.7;Detection;Ramp;Auto;16.88;60.00;6;5;OFF;1.2;0.3;0.0
3277;07/03/2025 14:25:32;CCD;AMN;POST;C;DW369;0.2;Detection;Ramp;Auto;2.95;60.00;6;5;OFF;1.2;0.3;0.0
3278;07/03/2025 14:26:17;CCD;AMN;POST;C;DW369;3.0;Detection;Ramp;Auto;31.15;60.00;6;5;OFF;1.2;0.3;0.0
3279;07/03/2025 14:26:32;CCD;AMN;POST;C;DW369;5.5;Detection;Ramp;Auto;55.69;60.00;6;5;OFF;1.2;0.3;0.0
3280;07/03/2025 14:26:47;CCD;AMN;POST;C;DW369;4.2;Detection;Ramp;Auto;40.76;60.00;6;5;OFF;1.2;0.3;0.0
3281;07/03/2025 14:26:59;CCD;AMN;POST;C;DW369;0.7;Detection;Ramp;Auto;7.60;60.00;6;5;OFF;1.2;0.3;0.0
3282;07/03/2025 14:27:17;CCD;AMN;POST;C;DW369;5.1;Detection;Ramp;Auto;50.71;60.00;6;5;OFF;1.2;0.3;0.0
3283;07/03/2025 14:27:38;CCD;AMN;POST;C;DW369;4.3;Detection;Ramp;Auto;43.75;60.00;6;5;OFF;1.2;0.3;0.0
3284;07/03/2025 14:27:58;CCD;AMN;POST;C;DW369;0.4;Detection;Ramp;Auto;4.61;60.00;6;5;OFF;1.2;0.3;0.0
3285;07/03/2025 14:29:08;CCD;AMN;POST;C;DW369;0.3;Manual Stop;Ramp;Auto;2.95;60.00;6;5;OFF;1.2;0.3;0.0
3286;07/03/2025 14:29:14;CCD;AMN;POST;C;DW369;1.8;Detection;Ramp;Auto;18.87;60.00;6;5;OFF;1.2;0.3;0.0
3287;07/03/2025 14:29:27;CCD;AMN;POST;C;DW369;4.0;Detection;Ramp;Auto;39.44;60.00;6;5;OFF;1.2;0.3;0.0
3288;07/03/2025 14:29:48;CCD;AMN;POST;C;DW369;3.4;Detection;Ramp;Auto;35.13;60.00;6;5;OFF;1.2;0.3;0.0
3289;07/03/2025 14:30:07;CCD;AMN;POST;C;DW369;6.3;Detection;Ramp;Auto;60.00;60.00;6;5;OFF;1.2;0.3;0.0
3290;07/03/2025 14:30:53;CCD;AMN;POST;C;DW369;3.4;Detection;Ramp;Auto;33.47;60.00;6;5;OFF;1.2;0.3;0.0
3291;07/03/2025 14:31:23;CCD;AMN;POST;C;DW369;3.3;Detection;Ramp;Auto;33.47;60.00;6;5;OFF;1.2;0.3;0.0
3292;07/03/2025 14:32:06;CCD;AMN;POST;C;DW369;11.0;Cutoff;Ramp;Auto;60.00;60.00;6;5;OFF;1.2;0.3;0.0
3293;07/03/2025 14:32:21;CCD;AMN;POST;C;DW369;4.4;Detection;Ramp;Auto;44.74;60.00;6;5;OFF;1.2;0.3;0.0
3294;07/03/2025 14:35:39;CCD;AMN;POST;I;DW369;1.7;Detection;Ramp;Auto;17.22;60.00;6;5;OFF;1.2;0.3;0.0
3295;07/03/2025 14:36:04;CCD;AMN;POST;I;DW369;3.2;Detection;Ramp;Auto;32.14;60.00;6;5;OFF;1.2;0.3;0.0
3296;07/03/2025 14:36:52;CCD;AMN;POST;I;DW369;1.1;Detection;Ramp;Auto;11.91;60.00;6;5;OFF;1.2;0.3;0.0
3297;07/03/2025 14:37:54;CCD;AMN;POST;I;DW369;0.2;Detection;Ramp;Auto;2.62;60.00;6;5;OFF;1.2;0.3;0.0
3298;07/03/2025 14:38:01;CCD;AMN;POST;I;DW369;2.6;Detection;Ramp;Auto;25.84;60.00;6;5;OFF;1.2;0.3;0.0
3299;07/03/2025 14:38:39;CCD;AMN;POST;I;DW369;1.4;Detection;Ramp;Auto;13.90;60.00;6;5;OFF;1.2;0.3;0.0
3300;07/03/2025 14:39:02;CCD;AMN;POST;I;DW369;0.2;Detection;Ramp;Auto;2.29;60.00;6;5;OFF;1.2;0.3;0.0
3301;07/03/2025 14:39:31;CCD;AMN;POST;I;DW369;0.8;Detection;Ramp;Auto;8.59;60.00;6;5;OFF;1.2;0.3;0.0
3302;07/03/2025 14:40:01;CCD;AMN;POST;I;DW369;1.8;Detection;Ramp;Auto;18.54;60.00;6;5;OFF;1.2;0.3;0.0
3303;07/03/2025 14:40:08;CCD;AMN;POST;I;DW369;1.3;Detection;Ramp;Auto;13.23;60.00;6;5;OFF;1.2;0.3;0.0
3304;07/03/2025 14:41:37;CCD;AMN;POST;I;DW369;1.7;Detection;Ramp;Auto;17.88;60.00;6;5;OFF;1.2;0.3;0.0
3305;07/03/2025 14:42:09;CCD;AMN;POST;I;DW369;1.7;Detection;Ramp;Auto;18.21;60.00;6;5;OFF;1.2;0.3;0.0
3306;07/03/2025 14:42:15;CCD;AMN;POST;I;DW369;0.0;Manual Stop;Ramp;Auto;0.30;60.00;6;5;OFF;1.2;0.3;0.0
3307;07/03/2025 14:42:24;CCD;AMN;POST;I;DW369;2.3;Detection;Ramp;Auto;22.85;60.00;6;5;OFF;1.2;0.3;0.0
3308;07/03/2025 14:44:27;CCD;AMN;POST;I;DW368;6.6;Detection;Ramp;Auto;60.00;60.00;6;5;OFF;1.2;0.3;0.0
3309;07/03/2025 14:44:30;CCD;AMN;POST;I;DW368;1.1;Detection;Ramp;Auto;11.24;60.00;6;5;OFF;1.2;0.3;0.0
3310;07/03/2025 14:44:41;CCD;AMN;POST;I;DW368;0.2;Detection;Ramp;Auto;2.62;60.00;6;5;OFF;1.2;0.3;0.0
3311;07/03/2025 14:45:00;CCD;AMN;POST;I;DW368;0.2;Detection;Ramp;Auto;2.95;60.00;6;5;OFF;1.2;0.3;0.0
3312;07/03/2025 14:45:07;CCD;AMN;POST;I;DW368;1.0;Detection;Ramp;Auto;10.58;60.00;6;5;OFF;1.2;0.3;0.0
3313;07/03/2025 14:45:30;CCD;AMN;POST;I;DW368;0.2;Detection;Ramp;Auto;2.62;60.00;6;5;OFF;1.2;0.3;0.0
3314;07/03/2025 14:45:41;CCD;AMN;POST;I;DW368;2.6;Detection;Ramp;Auto;26.83;60.00;6;5;OFF;1.2;0.3;0.0
3315;07/03/2025 14:46:20;CCD;AMN;POST;I;DW368;0.2;Detection;Ramp;Auto;2.62;60.00;6;5;OFF;1.2;0.3;0.0
3316;07/03/2025 14:46:36;CCD;AMN;POST;I;DW368;0.4;Detection;Ramp;Auto;4.61;60.00;6;5;OFF;1.2;0.3;0.0
3317;07/03/2025 14:46:44;CCD;AMN;POST;I;DW368;0.4;Detection;Ramp;Auto;4.94;60.00;6;5;OFF;1.2;0.3;0.0
3318;07/03/2025 14:48:10;CCD;AMN;POST;C;DW368;4.8;Detection;Ramp;Auto;47.73;60.00;6;5;OFF;1.2;0.3;0.0
3319;07/03/2025 14:48:19;CCD;AMN;POST;C;DW368;1.7;Detection;Ramp;Auto;17.88;60.00;6;5;OFF;1.2;0.3;0.0
3320;07/03/2025 14:48:31;CCD;AMN;POST;C;DW368;4.9;Detection;Ramp;Auto;49.06;60.00;6;5;OFF;1.2;0.3;0.0
3321;07/03/2025 14:48:40;CCD;AMN;POST;C;DW368;4.5;Detection;Ramp;Auto;44.74;60.00;6;5;OFF;1.2;0.3;0.0
3322;07/03/2025 14:49:02;CCD;AMN;POST;C;DW368;4.7;Detection;Ramp;Auto;47.40;60.00;6;5;OFF;1.2;0.3;0.0
3323;07/03/2025 14:49:15;CCD;AMN;POST;C;DW368;4.4;Detection;Ramp;Auto;43.42;60.00;6;5;OFF;1.2;0.3;0.0
3324;07/03/2025 14:49:22;CCD;AMN;POST;C;DW368;0.1;Detection;Ramp;Auto;1.96;60.00;6;5;OFF;1.2;0.3;0.0
3325;07/03/2025 14:49:49;CCD;AMN;POST;C;DW368;5.4;Detection;Ramp;Auto;54.03;60.00;6;5;OFF;1.2;0.3;0.0
3326;07/03/2025 14:49:58;CCD;AMN;POST;C;DW368;0.2;Detection;Ramp;Auto;2.62;60.00;6;5;OFF;1.2;0.3;0.0
3327;07/03/2025 14:50:11;CCD;AMN;POST;C;DW368;2.9;Detection;Ramp;Auto;28.82;60.00;6;5;OFF;1.2;0.3;0.0
3328;07/03/2025 14:50:18;CCD;AMN;POST;C;DW368;2.7;Detection;Ramp;Auto;27.17;60.00;6;5;OFF;1.2;0.3;0.0
3329;07/03/2025 14:50:27;CCD;AMN;POST;C;DW368;1.9;Detection;Ramp;Auto;19.54;60.00;6;5;OFF;1.2;0.3;0.0
3330;07/03/2025 14:50:55;CCD;AMN;POST;C;DW368;0.2;Detection;Ramp;Auto;2.95;60.00;6;5;OFF;1.2;0.3;0.0
3331;07/03/2025 14:51:27;CCD;AMN;POST;C;DW368;5.3;Detection;Ramp;Auto;53.37;60.00;6;5;OFF;1.2;0.3;0.0
3332;07/03/2025 14:51:38;CCD;AMN;POST;C;DW368;5.2;Detection;Ramp;Auto;51.38;60.00;6;5;OFF;1.2;0.3;0.0
3333;07/03/2025 14:51:52;CCD;AMN;POST;C;DW368;6.3;Detection;Ramp;Auto;60.00;60.00;6;5;OFF;1.2;0.3;0.0
3334;07/03/2025 14:52:06;CCD;AMN;POST;C;DW368;6.9;Detection;Ramp;Auto;60.00;60.00;6;5;OFF;1.2;0.3;0.0
3335;07/03/2025 14:52:14;CCD;AMN;POST;C;DW368;3.6;Detection;Ramp;Auto;36.45;60.00;6;5;OFF;1.2;0.3;0.0
3336;07/03/2025 14:52:22;CCD;AMN;POST;C;DW368;4.9;Detection;Ramp;Auto;48.72;60.00;6;5;OFF;1.2;0.3;0.0
3337;07/03/2025 14:52:51;CCD;AMN;POST;I;DW368;1.4;Detection;Ramp;Auto;14.56;60.00;6;5;OFF;1.2;0.3;0.0
3338;07/03/2025 14:52:56;CCD;AMN;POST;I;DW368;1.5;Detection;Ramp;Auto;15.56;60.00;6;5;OFF;1.2;0.3;0.0
3339;07/03/2025 14:53:35;CCD;AMN;POST;I;DW368;3.5;Detection;Ramp;Auto;34.79;60.00;6;5;OFF;1.2;0.3;0.0
3340;07/03/2025 14:53:45;CCD;AMN;POST;I;DW368;2.8;Detection;Ramp;Auto;27.50;60.00;6;5;OFF;1.2;0.3;0.0
3341;07/03/2025 14:53:52;CCD;AMN;POST;I;DW368;2.4;Detection;Ramp;Auto;24.51;60.00;6;5;OFF;1.2;0.3;0.0
3342;07/03/2025 14:54:03;CCD;AMN;POST;I;DW368;3.0;Detection;Ramp;Auto;30.81;60.00;6;5;OFF;1.2;0.3;0.0
3343;07/03/2025 14:54:15;CCD;AMN;POST;I;DW368;2.9;Detection;Ramp;Auto;30.15;60.00;6;5;OFF;1.2;0.3;0.0
3344;07/03/2025 14:54:21;CCD;AMN;POST;I;DW368;2.8;Detection;Ramp;Auto;27.83;60.00;6;5;OFF;1.2;0.3;0.0
3345;07/03/2025 14:54:32;CCD;AMN;POST;I;DW368;3.0;Detection;Ramp;Auto;29.82;60.00;6;5;OFF;1.2;0.3;0.0
3346;07/03/2025 14:56:10;CCD;AMN;POST;I;DW368;3.0;Detection;Ramp;Auto;31.15;60.00;6;5;OFF;1.2;0.3;0.0
3347;07/03/2025 14:56:15;CCD;AMN;POST;I;DW368;0.8;Detection;Ramp;Auto;9.26;60.00;6;5;OFF;1.2;0.3;0.0
3348;07/03/2025 14:56:28;CCD;AMN;POST;I;DW368;0.7;Detection;Ramp;Auto;7.93;60.00;6;5;OFF;1.2;0.3;0.0
3349;07/03/2025 14:56:53;CCD;AMN;POST;I;DW368;1.7;Detection;Ramp;Auto;17.22;60.00;6;5;OFF;1.2;0.3;0.0
3350;07/03/2025 14:57:10;CCD;AMN;POST;I;DW368;0.8;Detection;Ramp;Auto;8.59;60.00;6;5;OFF;1.2;0.3;0.0
3351;07/07/2025 16:01:55;CCD;AMN;POST;I;DW368;1.5;Detection;Ramp;Auto;16.22;60.00;6;5;OFF;1.2;0.3;0.0
3352;07/07/2025 16:02:14;CCD;AMN;POST;I;DW368;2.5;Detection;Ramp;Auto;25.84;60.00;6;5;OFF;1.2;0.3;0.0
3353;07/07/2025 16:02:32;CCD;AMN;POST;I;DW368;0.7;Detection;Ramp;Auto;7.60;60.00;6;5;OFF;1.2;0.3;0.0
3354;07/07/2025 16:03:04;CCD;AMN;POST;I;DW368;1.6;Detection;Ramp;Auto;15.89;60.00;6;5;OFF;1.2;0.3;0.0
3355;07/07/2025 16:03:44;CCD;AMN;POST;I;DW368;3.4;Detection;Ramp;Auto;33.80;60.00;6;5;OFF;1.2;0.3;0.0
3356;07/07/2025 16:03:52;CCD;AMN;POST;I;DW368;1.8;Detection;Ramp;Auto;18.87;60.00;6;5;OFF;1.2;0.3;0.0
3357;07/07/2025 16:04:10;CCD;AMN;POST;I;DW368;3.1;Detection;Ramp;Auto;30.15;60.00;6;5;OFF;1.2;0.3;0.0
3358;07/07/2025 16:04:20;CCD;AMN;POST;I;DW368;0.9;Detection;Ramp;Auto;8.92;60.00;6;5;OFF;1.2;0.3;0.0
3359;07/07/2025 16:04:40;CCD;AMN;POST;I;DW368;2.5;Detection;Ramp;Auto;26.17;60.00;6;5;OFF;1.2;0.3;0.0
3360;07/07/2025 16:07:20;CCD;AMN;POST;I;DW368;1.3;Detection;Ramp;Auto;13.90;60.00;6;5;OFF;1.2;0.3;0.0
3361;07/07/2025 16:07:36;CCD;AMN;POST;I;DW368;2.1;Detection;Ramp;Auto;21.53;60.00;6;5;OFF;1.2;0.3;0.0
3362;07/07/2025 16:07:59;CCD;AMN;POST;I;DW368;1.1;Detection;Ramp;Auto;11.58;60.00;6;5;OFF;1.2;0.3;0.0
3363;07/07/2025 16:08:14;CCD;AMN;POST;I;DW368;1.8;Detection;Ramp;Auto;18.87;60.00;6;5;OFF;1.2;0.3;0.0
3364;07/07/2025 16:08:20;CCD;AMN;POST;I;DW368;1.0;Detection;Ramp;Auto;9.92;60.00;6;5;OFF;1.2;0.3;0.0
3365;07/07/2025 16:08:44;CCD;AMN;POST;I;DW368;1.0;Detection;Ramp;Auto;10.91;60.00;6;5;OFF;1.2;0.3;0.0
3366;07/07/2025 16:08:54;CCD;AMN;POST;I;DW368;1.0;Detection;Ramp;Auto;10.58;60.00;6;5;OFF;1.2;0.3;0.0
3367;07/07/2025 16:10:20;CCD;AMN;POST;I;DW368;2.6;Detection;Ramp;Auto;25.84;60.00;6;5;OFF;1.2;0.3;0.0
3368;07/07/2025 16:10:25;CCD;AMN;POST;I;DW368;1.9;Detection;Ramp;Auto;19.87;60.00;6;5;OFF;1.2;0.3;0.0
3369;07/07/2025 16:10:36;CCD;AMN;POST;I;DW368;0.2;Detection;Ramp;Auto;2.29;60.00;6;5;OFF;1.2;0.3;0.0
3370;07/07/2025 16:10:55;CCD;AMN;POST;I;DW368;0.6;Detection;Ramp;Auto;6.93;60.00;6;5;OFF;1.2;0.3;0.0
3371;07/07/2025 16:11:47;CCD;AMN;POST;I;DW368;1.0;Detection;Ramp;Auto;10.91;60.00;6;5;OFF;1.2;0.3;0.0
3372;07/07/2025 16:13:38;CCD;AMN;POST;I;DW368;0.2;Detection;Ramp;Auto;2.95;60.00;6;5;OFF;1.2;0.3;0.0
3373;07/07/2025 16:13:46;CCD;AMN;POST;I;DW368;1.6;Detection;Ramp;Auto;16.55;60.00;6;5;OFF;1.2;0.3;0.0
3374;07/07/2025 16:15:27;CCD;AMN;POST;I;DW368;1.0;Detection;Ramp;Auto;10.91;60.00;6;5;OFF;1.2;0.3;0.0
3375;07/07/2025 16:15:31;CCD;AMN;POST;I;DW368;1.7;Detection;Ramp;Auto;17.88;60.00;6;5;OFF;1.2;0.3;0.0
3376;07/07/2025 16:16:41;CCD;AMN;POST;I;DW369;1.4;Detection;Ramp;Auto;14.23;60.00;6;5;OFF;1.2;0.3;0.0
3377;07/07/2025 16:17:03;CCD;AMN;POST;I;DW369;1.9;Detection;Ramp;Auto;19.20;60.00;6;5;OFF;1.2;0.3;0.0
3378;07/07/2025 16:17:25;CCD;AMN;POST;I;DW369;1.8;Detection;Ramp;Auto;18.87;60.00;6;5;OFF;1.2;0.3;0.0
3379;07/07/2025 16:17:49;CCD;AMN;POST;I;DW369;0.5;Detection;Ramp;Auto;6.27;60.00;6;5;OFF;1.2;0.3;0.0
3380;07/07/2025 16:18:12;CCD;AMN;POST;I;DW369;0.2;Detection;Ramp;Auto;2.62;60.00;6;5;OFF;1.2;0.3;0.0
3381;07/07/2025 16:18:20;CCD;AMN;POST;I;DW369;0.0;Detection;Ramp;Auto;0.30;60.00;6;5;OFF;1.2;0.3;0.0
3382;07/07/2025 16:18:48;CCD;AMN;POST;I;DW369;2.1;Detection;Ramp;Auto;20.86;60.00;6;5;OFF;1.2;0.3;0.0
3383;07/07/2025 16:19:15;CCD;AMN;POST;I;DW369;1.4;Detection;Ramp;Auto;14.23;60.00;6;5;OFF;1.2;0.3;0.0
3384;07/07/2025 16:19:21;CCD;AMN;POST;I;DW369;1.2;Detection;Ramp;Auto;12.57;60.00;6;5;OFF;1.2;0.3;0.0
3385;07/07/2025 16:19:34;CCD;AMN;POST;I;DW369;0.2;Detection;Ramp;Auto;2.29;60.00;6;5;OFF;1.2;0.3;0.0
3386;07/07/2025 16:20:01;CCD;AMN;POST;I;DW369;0.6;Detection;Ramp;Auto;6.93;60.00;6;5;OFF;1.2;0.3;0.0
3387;07/07/2025 16:20:54;CCD;AMN;POST;I;DW369;1.0;Detection;Ramp;Auto;10.25;60.00;6;5;OFF;1.2;0.3;0.0
3388;07/07/2025 16:21:25;CCD;AMN;POST;I;DW369;3.5;Detection;Ramp;Auto;35.13;60.00;6;5;OFF;1.2;0.3;0.0
3389;07/07/2025 16:21:39;CCD;AMN;POST;I;DW369;1.0;Detection;Ramp;Auto;10.58;60.00;6;5;OFF;1.2;0.3;0.0
3390;07/07/2025 16:23:16;CCD;AMN;POST;I;DW369;1.3;Detection;Ramp;Auto;12.90;60.00;6;5;OFF;1.2;0.3;0.0
3391;07/07/2025 16:23:28;CCD;AMN;POST;I;DW369;2.8;Detection;Ramp;Auto;28.82;60.00;6;5;OFF;1.2;0.3;0.0
3392;07/07/2025 16:23:57;CCD;AMN;POST;I;DW369;2.4;Detection;Ramp;Auto;24.18;60.00;6;5;OFF;1.2;0.3;0.0
3393;07/07/2025 16:24:35;CCD;AMN;POST;I;DW369;0.2;Detection;Ramp;Auto;2.62;60.00;6;5;OFF;1.2;0.3;0.0
3394;07/07/2025 16:24:53;CCD;AMN;POST;I;DW369;1.3;Detection;Ramp;Auto;14.23;60.00;6;5;OFF;1.2;0.3;0.0
3395;07/07/2025 16:25:33;CCD;AMN;POST;I;DW369;1.7;Detection;Ramp;Auto;17.88;60.00;6;5;OFF;1.2;0.3;0.0
3396;07/07/2025 16:26:10;CCD;AMN;POST;I;DW369;0.7;Detection;Ramp;Auto;7.93;60.00;6;5;OFF;1.2;0.3;0.0
3397;07/07/2025 16:26:24;CCD;AMN;POST;I;DW369;4.2;Detection;Ramp;Auto;41.76;60.00;6;5;OFF;1.2;0.3;0.0
3398;07/07/2025 16:26:50;CCD;AMN;POST;I;DW369;2.1;Detection;Ramp;Auto;21.19;60.00;6;5;OFF;1.2;0.3;0.0
3399;07/07/2025 16:28:15;CCD;AMN;POST;I;DW369;0.9;Detection;Ramp;Auto;9.26;60.00;6;5;OFF;1.2;0.3;0.0
3400;07/07/2025 16:28:38;CCD;AMN;POST;I;DW369;1.3;Detection;Ramp;Auto;13.90;60.00;6;5;OFF;1.2;0.3;0.0
3401;07/07/2025 16:28:47;CCD;AMN;POST;I;DW369;2.2;Detection;Ramp;Auto;21.86;60.00;6;5;OFF;1.2;0.3;0.0
3402;07/07/2025 16:30:27;CCD;AMN;POST;I;DW369;0.8;Detection;Ramp;Auto;8.92;60.00;6;5;OFF;1.2;0.3;0.0
3403;07/07/2025 16:30:47;CCD;AMN;POST;I;DW369;0.9;Detection;Ramp;Auto;9.92;60.00;6;5;OFF;1.2;0.3;0.0
3404;07/07/2025 16:31:10;CCD;AMN;POST;I;DW369;2.6;Detection;Ramp;Auto;26.17;60.00;6;5;OFF;1.2;0.3;0.0
3405;07/07/2025 16:31:46;CCD;AMN;POST;I;DW369;0.2;Detection;Ramp;Auto;2.95;60.00;6;5;OFF;1.2;0.3;0.0
3406;07/07/2025 16:31:53;CCD;AMN;POST;I;DW369;0.0;Detection;Ramp;Auto;0.63;60.00;6;5;OFF;1.2;0.3;0.0
3407;07/07/2025 16:32:21;CCD;AMN;POST;I;DW369;3.3;Detection;Ramp;Auto;32.80;60.00;6;5;OFF;1.2;0.3;0.0
3408;07/07/2025 16:32:34;CCD;AMN;POST;I;DW369;1.3;Detection;Ramp;Auto;13.23;60.00;6;5;OFF;1.2;0.3;0.0
3409;07/07/2025 16:32:44;CCD;AMN;POST;I;DW369;0.5;Detection;Ramp;Auto;5.61;60.00;6;5;OFF;1.2;0.3;0.0
3410;07/07/2025 16:33:26;CCD;AMN;POST;I;DW369;1.6;Detection;Ramp;Auto;16.88;60.00;6;5;OFF;1.2;0.3;0.0
3411;07/10/2025 12:20:36;CCD;AMN;POST;I;DW368;1.3;Detection;Ramp;Auto;13.23;60.00;6;5;OFF;1.2;0.3;0.0
3412;07/10/2025 12:20:53;CCD;AMN;POST;I;DW368;0.2;Detection;Ramp;Auto;2.62;60.00;6;5;OFF;1.2;0.3;0.0
3413;07/10/2025 12:21:07;CCD;AMN;POST;I;DW368;1.4;Detection;Ramp;Auto;14.89;60.00;6;5;OFF;1.2;0.3;0.0
3414;07/10/2025 12:21:42;CCD;AMN;POST;I;DW368;0.3;Detection;Ramp;Auto;4.28;60.00;6;5;OFF;1.2;0.3;0.0
3415;07/10/2025 12:21:50;CCD;AMN;POST;I;DW368;0.5;Detection;Ramp;Auto;5.61;60.00;6;5;OFF;1.2;0.3;0.0
3416;07/10/2025 12:22:43;CCD;AMN;POST;I;DW368;0.7;Detection;Ramp;Auto;7.93;60.00;6;5;OFF;1.2;0.3;0.0
3417;07/10/2025 12:22:51;CCD;AMN;POST;I;DW368;0.9;Detection;Ramp;Auto;9.59;60.00;6;5;OFF;1.2;0.3;0.0
3418;07/10/2025 12:23:00;CCD;AMN;POST;I;DW368;0.8;Detection;Ramp;Auto;8.59;60.00;6;5;OFF;1.2;0.3;0.0
3419;07/10/2025 12:23:25;CCD;AMN;POST;I;DW368;1.8;Detection;Ramp;Auto;18.54;60.00;6;5;OFF;1.2;0.3;0.0
3420;07/10/2025 12:23:48;CCD;AMN;POST;I;DW368;1.7;Detection;Ramp;Auto;17.55;60.00;6;5;OFF;1.2;0.3;0.0
3421;07/10/2025 12:23:56;CCD;AMN;POST;I;DW368;1.6;Detection;Ramp;Auto;16.55;60.00;6;5;OFF;1.2;0.3;0.0
3422;07/10/2025 12:24:02;CCD;AMN;POST;I;DW368;1.8;Detection;Ramp;Auto;17.55;60.00;6;5;OFF;1.2;0.3;0.0
3423;07/10/2025 12:24:19;CCD;AMN;POST;I;DW368;1.5;Detection;Ramp;Auto;14.89;60.00;6;5;OFF;1.2;0.3;0.0
3424;07/10/2025 12:24:30;CCD;AMN;POST;I;DW368;2.1;Detection;Ramp;Auto;20.86;60.00;6;5;OFF;1.2;0.3;0.0
3425;07/10/2025 12:25:21;CCD;AMN;POST;I;DW368;1.2;Detection;Ramp;Auto;13.23;60.00;6;5;OFF;1.2;0.3;0.0
3426;07/10/2025 12:25:30;CCD;AMN;POST;I;DW368;1.0;Detection;Ramp;Auto;10.91;60.00;6;5;OFF;1.2;0.3;0.0
3427;07/10/2025 12:25:45;CCD;AMN;POST;I;DW368;1.2;Detection;Ramp;Auto;12.24;60.00;6;5;OFF;1.2;0.3;0.0
3428;07/10/2025 12:25:53;CCD;AMN;POST;I;DW368;0.1;Detection;Ramp;Auto;2.29;60.00;6;5;OFF;1.2;0.3;0.0
3429;07/10/2025 12:25:58;CCD;AMN;POST;I;DW368;0.5;Detection;Ramp;Auto;6.27;60.00;6;5;OFF;1.2;0.3;0.0
3430;07/10/2025 12:26:02;CCD;AMN;POST;I;DW368;0.5;Detection;Ramp;Auto;5.94;60.00;6;5;OFF;1.2;0.3;0.0
3431;07/10/2025 12:26:19;CCD;AMN;POST;I;DW368;2.4;Detection;Ramp;Auto;24.51;60.00;6;5;OFF;1.2;0.3;0.0
3432;07/10/2025 12:26:26;CCD;AMN;POST;I;DW368;1.4;Detection;Ramp;Auto;15.23;60.00;6;5;OFF;1.2;0.3;0.0
3433;07/10/2025 12:26:45;CCD;AMN;POST;I;DW368;1.3;Detection;Ramp;Auto;13.23;60.00;6;5;OFF;1.2;0.3;0.0
3434;07/10/2025 12:26:50;CCD;AMN;POST;I;DW368;0.1;Detection;Ramp;Auto;1.96;60.00;6;5;OFF;1.2;0.3;0.0
3435;07/10/2025 12:27:01;CCD;AMN;POST;I;DW368;2.7;Detection;Ramp;Auto;27.17;60.00;6;5;OFF;1.2;0.3;0.0
3436;07/10/2025 12:27:13;CCD;AMN;POST;I;DW368;0.7;Detection;Ramp;Auto;7.60;60.00;6;5;OFF;1.2;0.3;0.0
3437;07/10/2025 12:27:32;CCD;AMN;POST;I;DW368;0.7;Detection;Ramp;Auto;7.60;60.00;6;5;OFF;1.2;0.3;0.0
3438;07/10/2025 12:27:43;CCD;AMN;POST;I;DW368;0.2;Detection;Ramp;Auto;2.62;60.00;6;5;OFF;1.2;0.3;0.0
3439;07/10/2025 12:27:48;CCD;AMN;POST;I;DW368;0.5;Detection;Ramp;Auto;5.61;60.00;6;5;OFF;1.2;0.3;0.0
3440;07/10/2025 12:28:10;CCD;AMN;POST;I;DW368;0.9;Detection;Ramp;Auto;9.26;60.00;6;5;OFF;1.2;0.3;0.0
3441;07/10/2025 12:28:31;CCD;AMN;POST;I;DW368;0.2;Detection;Ramp;Auto;2.29;60.00;6;5;OFF;1.2;0.3;0.0
3442;07/10/2025 12:28:38;CCD;AMN;POST;I;DW368;0.7;Detection;Ramp;Auto;8.26;60.00;6;5;OFF;1.2;0.3;0.0
3443;07/10/2025 12:29:00;CCD;AMN;POST;I;DW368;0.9;Detection;Ramp;Auto;10.25;60.00;6;5;OFF;1.2;0.3;0.0
3444;07/10/2025 12:29:38;CCD;AMN;POST;I;DW368;1.1;Detection;Ramp;Auto;10.91;60.00;6;5;OFF;1.2;0.3;0.0
3445;07/10/2025 12:29:46;CCD;AMN;POST;I;DW368;0.6;Detection;Ramp;Auto;7.26;60.00;6;5;OFF;1.2;0.3;0.0
3446;07/10/2025 12:30:59;CCD;AMN;POST;I;DW368;0.8;Detection;Ramp;Auto;8.59;60.00;6;5;OFF;1.2;0.3;0.0
3447;07/10/2025 12:32:13;CCD;AMN;POST;I;DW368;2.0;Detection;Ramp;Auto;21.19;60.00;6;5;OFF;1.2;0.3;0.0
3448;07/10/2025 12:32:56;CCD;AMN;POST;I;DW369;2.0;Detection;Ramp;Auto;20.53;60.00;6;5;OFF;1.2;0.3;0.0
3449;07/10/2025 12:33:05;CCD;AMN;POST;I;DW369;1.8;Detection;Ramp;Auto;18.54;60.00;6;5;OFF;1.2;0.3;0.0
3450;07/10/2025 12:33:18;CCD;AMN;POST;I;DW369;0.4;Detection;Ramp;Auto;4.28;60.00;6;5;OFF;1.2;0.3;0.0
3451;07/10/2025 12:33:25;CCD;AMN;POST;I;DW369;0.7;Detection;Ramp;Auto;8.26;60.00;6;5;OFF;1.2;0.3;0.0
3452;07/10/2025 12:33:39;CCD;AMN;POST;I;DW369;2.3;Detection;Ramp;Auto;23.85;60.00;6;5;OFF;1.2;0.3;0.0
3453;07/10/2025 12:33:51;CCD;AMN;POST;I;DW369;0.9;Detection;Ramp;Auto;9.92;60.00;6;5;OFF;1.2;0.3;0.0
3454;07/10/2025 12:33:58;CCD;AMN;POST;I;DW369;1.9;Detection;Ramp;Auto;20.20;60.00;6;5;OFF;1.2;0.3;0.0
3455;07/10/2025 12:34:08;CCD;AMN;POST;I;DW369;0.8;Detection;Ramp;Auto;8.92;60.00;6;5;OFF;1.2;0.3;0.0
3456;07/10/2025 12:34:17;CCD;AMN;POST;I;DW369;2.3;Detection;Ramp;Auto;22.85;60.00;6;5;OFF;1.2;0.3;0.0
3457;07/10/2025 12:34:32;CCD;AMN;POST;I;DW369;0.9;Detection;Ramp;Auto;9.26;60.00;6;5;OFF;1.2;0.3;0.0
3458;07/10/2025 12:34:40;CCD;AMN;POST;I;DW369;2.4;Detection;Ramp;Auto;23.85;60.00;6;5;OFF;1.2;0.3;0.0
3459;07/10/2025 12:34:47;CCD;AMN;POST;I;DW369;0.7;Detection;Ramp;Auto;7.60;60.00;6;5;OFF;1.2;0.3;0.0
3460;07/10/2025 12:35:10;CCD;AMN;POST;I;DW369;1.6;Detection;Ramp;Auto;16.55;60.00;6;5;OFF;1.2;0.3;0.0
3461;07/10/2025 12:35:20;CCD;AMN;POST;I;DW369;1.7;Detection;Ramp;Auto;17.55;60.00;6;5;OFF;1.2;0.3;0.0
3462;07/10/2025 12:35:30;CCD;AMN;POST;I;DW369;1.2;Detection;Ramp;Auto;12.90;60.00;6;5;OFF;1.2;0.3;0.0
3463;07/10/2025 12:35:38;CCD;AMN;POST;I;DW369;1.9;Detection;Ramp;Auto;20.20;60.00;6;5;OFF;1.2;0.3;0.0
3464;07/10/2025 12:35:46;CCD;AMN;POST;I;DW369;3.2;Detection;Ramp;Auto;32.80;60.00;6;5;OFF;1.2;0.3;0.0
3465;07/10/2025 12:35:57;CCD;AMN;POST;I;DW369;2.1;Detection;Ramp;Auto;21.53;60.00;6;5;OFF;1.2;0.3;0.0
3466;07/10/2025 12:36:06;CCD;AMN;POST;I;DW369;3.4;Detection;Ramp;Auto;34.46;60.00;6;5;OFF;1.2;0.3;0.0
3467;07/10/2025 12:36:15;CCD;AMN;POST;I;DW369;2.0;Detection;Ramp;Auto;20.86;60.00;6;5;OFF;1.2;0.3;0.0
3468;07/10/2025 12:36:28;CCD;AMN;POST;I;DW369;1.2;Detection;Ramp;Auto;12.90;60.00;6;5;OFF;1.2;0.3;0.0
3469;07/10/2025 12:36:36;CCD;AMN;POST;I;DW369;1.4;Detection;Ramp;Auto;14.23;60.00;6;5;OFF;1.2;0.3;0.0
3470;07/10/2025 12:36:43;CCD;AMN;POST;I;DW369;3.5;Detection;Ramp;Auto;34.79;60.00;6;5;OFF;1.2;0.3;0.0
3471;07/10/2025 12:36:53;CCD;AMN;POST;I;DW369;1.7;Detection;Ramp;Auto;17.55;60.00;6;5;OFF;1.2;0.3;0.0
3472;07/10/2025 12:38:24;CCD;AMN;POST;I;DW369;0.8;Detection;Ramp;Auto;9.26;60.00;6;5;OFF;1.2;0.3;0.0
3473;07/10/2025 12:38:28;CCD;AMN;POST;I;DW369;0.4;Manual Stop;Ramp;Auto;3.62;60.00;6;5;OFF;1.2;0.3;0.0
3474;07/10/2025 12:38:33;CCD;AMN;POST;I;DW369;1.6;Detection;Ramp;Auto;16.22;60.00;6;5;OFF;1.2;0.3;0.0
3475;07/10/2025 12:38:41;CCD;AMN;POST;I;DW369;2.3;Detection;Ramp;Auto;23.52;60.00;6;5;OFF;1.2;0.3;0.0
3476;07/15/2025 14:48:07;CCD;AMN;POST;I;DW368;0.2;Manual Stop;Ramp;Auto;2.29;60.00;6;5;OFF;1.2;0.3;0.0
3477;07/15/2025 14:48:10;CCD;AMN;POST;I;DW368;0.2;Manual Stop;Ramp;Auto;2.29;60.00;6;5;OFF;1.2;0.3;0.0
3478;07/15/2025 14:48:28;CCD;AMN;POST;I;DW368;0.4;Detection;Ramp;Auto;4.28;60.00;6;5;OFF;1.2;0.3;0.0
3479;07/15/2025 14:48:40;CCD;AMN;POST;I;DW368;2.3;Detection;Ramp;Auto;23.52;60.00;6;5;OFF;1.2;0.3;0.0
3480;07/15/2025 14:49:20;CCD;AMN;POST;I;DW369;3.7;Detection;Ramp;Auto;37.12;60.00;6;5;OFF;1.2;0.3;0.0
3481;07/15/2025 14:49:31;CCD;AMN;POST;I;DW369;2.6;Detection;Ramp;Auto;26.50;60.00;6;5;OFF;1.2;0.3;0.0
3482;07/15/2025 14:49:49;CCD;AMN;POST;I;DW369;2.8;Detection;Ramp;Auto;28.16;60.00;6;5;OFF;1.2;0.3;0.0
3483;07/15/2025 14:50:26;CCD;AMN;POST;I;DW369;0.2;Detection;Ramp;Auto;2.29;60.00;6;5;OFF;1.2;0.3;0.0
3484;07/15/2025 14:51:21;CCD;AMN;POST;I;DW369;2.3;Detection;Ramp;Auto;23.52;60.00;6;5;OFF;1.2;0.3;0.0
3485;07/15/2025 14:51:57;CCD;AMN;POST;I;DW369;3.8;Detection;Ramp;Auto;38.44;60.00;6;5;OFF;1.2;0.3;0.0
3486;07/15/2025 14:52:13;CCD;AMN;POST;I;DW369;1.7;Detection;Ramp;Auto;17.55;60.00;6;5;OFF;1.2;0.3;0.0
3487;07/15/2025 14:53:49;CCD;AMN;POST;I;DW369;2.9;Detection;Ramp;Auto;28.82;60.00;6;5;OFF;1.2;0.3;0.0
3488;07/15/2025 14:54:03;CCD;AMN;POST;I;DW369;3.5;Detection;Ramp;Auto;34.79;60.00;6;5;OFF;1.2;0.3;0.0
3489;07/15/2025 14:54:37;CCD;AMN;POST;I;DW369;2.2;Detection;Ramp;Auto;22.19;60.00;6;5;OFF;1.2;0.3;0.0
3490;07/15/2025 14:54:53;CCD;AMN;POST;I;DW369;1.7;Detection;Ramp;Auto;17.22;60.00;6;5;OFF;1.2;0.3;0.0
3491;07/15/2025 14:55:20;CCD;AMN;POST;I;DW369;3.7;Detection;Ramp;Auto;37.45;60.00;6;5;OFF;1.2;0.3;0.0
3492;07/15/2025 14:55:34;CCD;AMN;POST;I;DW369;1.5;Detection;Ramp;Auto;15.89;60.00;6;5;OFF;1.2;0.3;0.0
3493;07/15/2025 14:55:54;CCD;AMN;POST;I;DW369;2.1;Detection;Ramp;Auto;21.86;60.00;6;5;OFF;1.2;0.3;0.0
3494;07/15/2025 14:56:03;CCD;AMN;POST;I;DW369;0.9;Detection;Ramp;Auto;8.92;60.00;6;5;OFF;1.2;0.3;0.0
3495;07/15/2025 14:56:19;CCD;AMN;POST;I;DW369;0.1;Detection;Ramp;Auto;2.29;60.00;6;5;OFF;1.2;0.3;0.0
3496;07/15/2025 14:56:28;CCD;AMN;POST;I;DW369;4.1;Detection;Ramp;Auto;41.10;60.00;6;5;OFF;1.2;0.3;0.0
3497;07/15/2025 14:56:40;CCD;AMN;POST;I;DW369;3.3;Detection;Ramp;Auto;33.47;60.00;6;5;OFF;1.2;0.3;0.0
3498;07/15/2025 14:56:46;CCD;AMN;POST;I;DW369;0.1;Detection;Ramp;Auto;1.29;60.00;6;5;OFF;1.2;0.3;0.0
3499;07/15/2025 14:56:57;CCD;AMN;POST;I;DW369;3.0;Detection;Ramp;Auto;30.15;60.00;6;5;OFF;1.2;0.3;0.0
3500;07/15/2025 14:57:13;CCD;AMN;POST;I;DW369;1.4;Detection;Ramp;Auto;15.23;60.00;6;5;OFF;1.2;0.3;0.0
3501;07/15/2025 14:57:18;CCD;AMN;POST;I;DW369;0.0;Detection;Ramp;Auto;0.30;60.00;6;5;OFF;1.2;0.3;0.0
3502;07/15/2025 14:57:31;CCD;AMN;POST;I;DW369;2.5;Detection;Ramp;Auto;24.84;60.00;6;5;OFF;1.2;0.3;0.0
3503;07/15/2025 14:57:52;CCD;AMN;POST;I;DW369;2.0;Detection;Ramp;Auto;20.86;60.00;6;5;OFF;1.2;0.3;0.0
3504;07/15/2025 14:58:08;CCD;AMN;POST;I;DW369;2.6;Detection;Ramp;Auto;26.50;60.00;6;5;OFF;1.2;0.3;0.0
3505;07/15/2025 14:58:19;CCD;AMN;POST;I;DW369;3.9;Detection;Ramp;Auto;39.44;60.00;6;5;OFF;1.2;0.3;0.0
3506;07/15/2025 14:58:26;CCD;AMN;POST;I;DW369;0.0;Detection;Ramp;Auto;0.30;60.00;6;5;OFF;1.2;0.3;0.0
3507;07/15/2025 14:58:40;CCD;AMN;POST;I;DW369;0.5;Detection;Ramp;Auto;5.94;60.00;6;5;OFF;1.2;0.3;0.0
3508;07/15/2025 14:58:51;CCD;AMN;POST;I;DW369;0.4;Detection;Ramp;Auto;4.61;60.00;6;5;OFF;1.2;0.3;0.0
3509;07/15/2025 14:58:59;CCD;AMN;POST;I;DW369;2.1;Detection;Ramp;Auto;21.19;60.00;6;5;OFF;1.2;0.3;0.0
3510;07/15/2025 14:59:13;CCD;AMN;POST;I;DW369;2.1;Detection;Ramp;Auto;20.86;60.00;6;5;OFF;1.2;0.3;0.0
3511;07/15/2025 14:59:38;CCD;AMN;POST;I;DW369;1.7;Detection;Ramp;Auto;16.88;60.00;6;5;OFF;1.2;0.3;0.0
3512;07/15/2025 14:59:54;CCD;AMN;POST;I;DW369;7.6;Detection;Ramp;Auto;60.00;60.00;6;5;OFF;1.2;0.3;0.0
3513;07/15/2025 15:00:03;CCD;AMN;POST;I;DW369;1.4;Detection;Ramp;Auto;14.23;60.00;6;5;OFF;1.2;0.3;0.0
3514;07/15/2025 15:00:15;CCD;AMN;POST;I;DW369;2.7;Detection;Ramp;Auto;27.50;60.00;6;5;OFF;1.2;0.3;0.0
3515;07/15/2025 15:00:20;CCD;AMN;POST;I;DW369;1.5;Detection;Ramp;Auto;16.22;60.00;6;5;OFF;1.2;0.3;0.0
3516;07/15/2025 15:00:33;CCD;AMN;POST;I;DW369;1.2;Detection;Ramp;Auto;12.90;60.00;6;5;OFF;1.2;0.3;0.0
3517;07/15/2025 15:00:41;CCD;AMN;POST;I;DW369;2.6;Detection;Ramp;Auto;26.83;60.00;6;5;OFF;1.2;0.3;0.0
3518;07/15/2025 15:01:24;CCD;AMN;POST;I;DW369;2.4;Detection;Ramp;Auto;24.84;60.00;6;5;OFF;1.2;0.3;0.0
3519;07/15/2025 15:01:28;CCD;AMN;POST;I;DW369;0.1;Detection;Ramp;Auto;2.29;60.00;6;5;OFF;1.2;0.3;0.0
3520;07/15/2025 15:02:03;CCD;AMN;POST;I;DW369;1.3;Detection;Ramp;Auto;13.57;60.00;6;5;OFF;1.2;0.3;0.0
3521;07/15/2025 15:02:26;CCD;AMN;POST;I;DW369;0.6;Detection;Ramp;Auto;7.26;60.00;6;5;OFF;1.2;0.3;0.0
3522;07/15/2025 15:02:35;CCD;AMN;POST;I;DW369;1.0;Detection;Ramp;Auto;10.58;60.00;6;5;OFF;1.2;0.3;0.0
3523;07/15/2025 15:02:47;CCD;AMN;POST;I;DW369;1.9;Detection;Ramp;Auto;19.87;60.00;6;5;OFF;1.2;0.3;0.0
3524;07/15/2025 15:02:57;CCD;AMN;POST;I;DW369;2.1;Detection;Ramp;Auto;21.19;60.00;6;5;OFF;1.2;0.3;0.0
3525;07/15/2025 15:03:06;CCD;AMN;POST;I;DW369;2.5;Detection;Ramp;Auto;25.17;60.00;6;5;OFF;1.2;0.3;0.0
3526;07/15/2025 15:03:33;CCD;AMN;POST;I;DW369;2.8;Detection;Ramp;Auto;28.82;60.00;6;5;OFF;1.2;0.3;0.0
3527;07/15/2025 15:03:38;CCD;AMN;POST;I;DW369;0.3;Detection;Ramp;Auto;4.28;60.00;6;5;OFF;1.2;0.3;0.0
3528;07/15/2025 15:04:03;CCD;AMN;POST;I;DW369;11.0;Cutoff;Ramp;Auto;60.00;60.00;6;5;OFF;1.2;0.3;0.0
3529;07/15/2025 15:04:11;CCD;AMN;POST;I;DW369;3.7;Detection;Ramp;Auto;36.45;60.00;6;5;OFF;1.2;0.3;0.0
3530;07/15/2025 15:04:35;CCD;AMN;POST;I;DW369;1.5;Detection;Ramp;Auto;14.89;60.00;6;5;OFF;1.2;0.3;0.0
3531;07/15/2025 15:06:13;CCD;AMN;POST;I;DW369;2.1;Detection;Ramp;Auto;21.19;60.00;6;5;OFF;1.2;0.3;0.0
3532;07/15/2025 15:06:18;CCD;AMN;POST;I;DW369;2.1;Detection;Ramp;Auto;21.86;60.00;6;5;OFF;1.2;0.3;0.0
3533;07/15/2025 15:06:25;CCD;AMN;POST;I;DW369;0.0;Detection;Ramp;Auto;0.30;60.00;6;5;OFF;1.2;0.3;0.0
3534;07/15/2025 15:06:46;CCD;AMN;POST;I;DW369;2.8;Detection;Ramp;Auto;27.83;60.00;6;5;OFF;1.2;0.3;0.0
3535;07/15/2025 15:07:00;CCD;AMN;POST;I;DW369;4.1;Detection;Ramp;Auto;40.43;60.00;6;5;OFF;1.2;0.3;0.0
3536;07/15/2025 15:07:09;CCD;AMN;POST;I;DW369;3.0;Detection;Ramp;Auto;30.15;60.00;6;5;OFF;1.2;0.3;0.0
3537;07/15/2025 15:08:08;CCD;AMN;POST;I;DW369;3.0;Detection;Ramp;Auto;30.15;60.00;6;5;OFF;1.2;0.3;0.0
3538;07/15/2025 15:08:12;CCD;AMN;POST;I;DW369;2.3;Detection;Ramp;Auto;23.52;60.00;6;5;OFF;1.2;0.3;0.0
3539;07/15/2025 15:08:20;CCD;AMN;POST;I;DW369;3.5;Detection;Ramp;Auto;35.13;60.00;6;5;OFF;1.2;0.3;0.0
3540;07/15/2025 15:08:31;CCD;AMN;POST;I;DW369;2.5;Detection;Ramp;Auto;25.17;60.00;6;5;OFF;1.2;0.3;0.0
3541;07/15/2025 15:08:45;CCD;AMN;POST;I;DW369;3.8;Detection;Ramp;Auto;37.45;60.00;6;5;OFF;1.2;0.3;0.0
3542;07/15/2025 15:08:58;CCD;AMN;POST;I;DW369;7.0;Detection;Ramp;Auto;60.00;60.00;6;5;OFF;1.2;0.3;0.0
3543;07/15/2025 15:09:10;CCD;AMN;POST;I;DW369;1.7;Detection;Ramp;Auto;17.22;60.00;6;5;OFF;1.2;0.3;0.0
3544;07/15/2025 15:09:30;CCD;AMN;POST;I;DW369;0.2;Detection;Ramp;Auto;2.62;60.00;6;5;OFF;1.2;0.3;0.0
3545;07/15/2025 15:09:36;CCD;AMN;POST;I;DW369;1.7;Detection;Ramp;Auto;17.88;60.00;6;5;OFF;1.2;0.3;0.0
3546;07/15/2025 15:11:08;CCD;AMN;POST;I;DW368;0.2;Detection;Ramp;Auto;2.29;60.00;6;5;OFF;1.2;0.3;0.0
3547;07/15/2025 15:11:13;CCD;AMN;POST;I;DW368;0.1;Detection;Ramp;Auto;2.29;60.00;6;5;OFF;1.2;0.3;0.0
3548;07/15/2025 15:11:22;CCD;AMN;POST;I;DW368;0.2;Detection;Ramp;Auto;2.29;60.00;6;5;OFF;1.2;0.3;0.0
3549;07/15/2025 15:11:48;CCD;AMN;POST;I;DW368;0.2;Detection;Ramp;Auto;2.95;60.00;6;5;OFF;1.2;0.3;0.0
3550;07/15/2025 15:11:52;CCD;AMN;POST;I;DW368;0.2;Detection;Ramp;Auto;2.62;60.00;6;5;OFF;1.2;0.3;0.0
3551;07/15/2025 15:12:02;CCD;AMN;POST;I;DW368;0.2;Detection;Ramp;Auto;2.29;60.00;6;5;OFF;1.2;0.3;0.0
3552;07/15/2025 15:12:11;CCD;AMN;POST;I;DW368;6.0;Detection;Ramp;Auto;59.67;60.00;6;5;OFF;1.2;0.3;0.0
3553;07/15/2025 15:12:20;CCD;AMN;POST;I;DW368;0.6;Detection;Ramp;Auto;7.26;60.00;6;5;OFF;1.2;0.3;0.0
3554;07/15/2025 15:12:29;CCD;AMN;POST;I;DW368;0.2;Detection;Ramp;Auto;2.95;60.00;6;5;OFF;1.2;0.3;0.0
3555;07/15/2025 15:12:54;CCD;AMN;POST;I;DW368;1.4;Detection;Ramp;Auto;14.56;60.00;6;5;OFF;1.2;0.3;0.0
3556;07/15/2025 15:13:13;CCD;AMN;POST;I;DW368;0.7;Detection;Ramp;Auto;7.26;60.00;6;5;OFF;1.2;0.3;0.0
3557;07/15/2025 15:13:32;CCD;AMN;POST;I;DW368;0.7;Detection;Ramp;Auto;8.26;60.00;6;5;OFF;1.2;0.3;0.0
3558;07/15/2025 15:13:37;CCD;AMN;POST;I;DW368;1.2;Detection;Ramp;Auto;13.23;60.00;6;5;OFF;1.2;0.3;0.0
3559;07/15/2025 15:13:45;CCD;AMN;POST;I;DW368;1.6;Detection;Ramp;Auto;16.55;60.00;6;5;OFF;1.2;0.3;0.0
3560;07/15/2025 15:13:56;CCD;AMN;POST;I;DW368;0.7;Detection;Ramp;Auto;7.93;60.00;6;5;OFF;1.2;0.3;0.0
3561;07/15/2025 15:14:20;CCD;AMN;POST;I;DW368;2.1;Detection;Ramp;Auto;21.53;60.00;6;5;OFF;1.2;0.3;0.0
3562;07/15/2025 15:14:34;CCD;AMN;POST;I;DW368;2.2;Detection;Ramp;Auto;22.19;60.00;6;5;OFF;1.2;0.3;0.0
3563;07/15/2025 15:14:40;CCD;AMN;POST;I;DW368;1.1;Detection;Ramp;Auto;11.24;60.00;6;5;OFF;1.2;0.3;0.0
3564;07/15/2025 15:14:46;CCD;AMN;POST;I;DW368;1.6;Detection;Ramp;Auto;16.55;60.00;6;5;OFF;1.2;0.3;0.0
3565;07/15/2025 15:14:59;CCD;AMN;POST;I;DW368;0.7;Detection;Ramp;Auto;8.26;60.00;6;5;OFF;1.2;0.3;0.0
3566;07/15/2025 15:15:04;CCD;AMN;POST;I;DW368;1.7;Detection;Ramp;Auto;18.21;60.00;6;5;OFF;1.2;0.3;0.0
3567;07/15/2025 15:15:22;CCD;AMN;POST;I;DW368;9.8;Detection;Ramp;Auto;60.00;60.00;6;5;OFF;1.2;0.3;0.0
3568;07/15/2025 15:15:27;CCD;AMN;POST;I;DW368;0.5;Detection;Ramp;Auto;6.27;60.00;6;5;OFF;1.2;0.3;0.0
3569;07/15/2025 15:15:45;CCD;AMN;POST;I;DW368;1.1;Detection;Ramp;Auto;11.24;60.00;6;5;OFF;1.2;0.3;0.0
3570;07/15/2025 15:15:51;CCD;AMN;POST;I;DW368;1.6;Detection;Ramp;Auto;16.88;60.00;6;5;OFF;1.2;0.3;0.0
3571;07/15/2025 15:16:00;CCD;AMN;POST;I;DW368;1.0;Detection;Ramp;Auto;10.91;60.00;6;5;OFF;1.2;0.3;0.0
3572;07/15/2025 15:16:10;CCD;AMN;POST;I;DW368;1.2;Detection;Ramp;Auto;12.90;60.00;6;5;OFF;1.2;0.3;0.0
3573;07/15/2025 15:16:24;CCD;AMN;POST;I;DW368;0.7;Detection;Ramp;Auto;8.26;60.00;6;5;OFF;1.2;0.3;0.0
3574;07/15/2025 15:16:32;CCD;AMN;POST;I;DW368;0.4;Detection;Ramp;Auto;4.94;60.00;6;5;OFF;1.2;0.3;0.0
3575;07/15/2025 15:17:35;CCD;AMN;POST;I;DW368;0.1;Manual Stop;Ramp;Auto;0.96;60.00;6;5;OFF;1.2;0.3;0.0
3576;07/15/2025 15:17:41;CCD;AMN;POST;I;DW368;1.7;Detection;Ramp;Auto;17.22;60.00;6;5;OFF;1.2;0.3;0.0
3577;07/15/2025 15:18:32;CCD;AMN;POST;I;DW368;0.2;Detection;Ramp;Auto;2.95;60.00;6;5;OFF;1.2;0.3;0.0
3578;07/15/2025 15:18:49;CCD;AMN;POST;I;DW368;0.2;Detection;Ramp;Auto;2.29;60.00;6;5;OFF;1.2;0.3;0.0
3579;07/15/2025 15:20:23;CCD;AMN;POST;I;DW368;0.2;Detection;Ramp;Auto;3.29;60.00;6;5;OFF;1.2;0.3;0.0
3580;07/15/2025 15:20:32;CCD;AMN;POST;I;DW368;0.2;Detection;Ramp;Auto;2.62;60.00;6;5;OFF;1.2;0.3;0.0
3581;07/15/2025 15:21:43;CCD;AMN;POST;I;DW368;1.4;Detection;Ramp;Auto;14.89;60.00;6;5;OFF;1.2;0.3;0.0
3582;07/15/2025 15:22:00;CCD;AMN;POST;I;DW368;0.5;Detection;Ramp;Auto;5.61;60.00;6;5;OFF;1.2;0.3;0.0
3583;07/15/2025 15:22:38;CCD;AMN;POST;I;DW368;0.5;Detection;Ramp;Auto;5.94;60.00;6;5;OFF;1.2;0.3;0.0
3584;07/15/2025 15:24:18;CCD;AMN;POST;I;DW368;1.3;Detection;Ramp;Auto;13.23;60.00;6;5;OFF;1.2;0.3;0.0
3585;07/15/2025 15:24:26;CCD;AMN;POST;I;DW368;0.2;Detection;Ramp;Auto;3.29;60.00;6;5;OFF;1.2;0.3;0.0
3586;07/15/2025 15:24:57;CCD;AMN;POST;I;DW368;2.9;Detection;Ramp;Auto;29.49;60.00;6;5;OFF;1.2;0.3;0.0
3587;07/15/2025 15:25:05;CCD;AMN;POST;I;DW368;0.8;Detection;Ramp;Auto;8.26;60.00;6;5;OFF;1.2;0.3;0.0
3588;07/15/2025 15:25:19;CCD;AMN;POST;I;DW368;0.9;Detection;Ramp;Auto;9.59;60.00;6;5;OFF;1.2;0.3;0.0
3589;07/15/2025 15:25:30;CCD;AMN;POST;I;DW368;2.3;Detection;Ramp;Auto;23.52;60.00;6;5;OFF;1.2;0.3;0.0
3590;07/15/2025 15:25:40;CCD;AMN;POST;I;DW368;3.2;Detection;Ramp;Auto;32.14;60.00;6;5;OFF;1.2;0.3;0.0
3591;07/15/2025 15:25:46;CCD;AMN;POST;I;DW368;1.9;Detection;Ramp;Auto;19.20;60.00;6;5;OFF;1.2;0.3;0.0
3592;07/15/2025 15:25:52;CCD;AMN;POST;I;DW368;0.6;Detection;Ramp;Auto;6.27;60.00;6;5;OFF;1.2;0.3;0.0
3593;07/15/2025 15:26:17;CCD;AMN;POST;I;DW368;10.7;Detection;Ramp;Auto;60.00;60.00;6;5;OFF;1.2;0.3;0.0
3594;07/15/2025 15:26:39;CCD;AMN;POST;I;DW368;1.8;Detection;Ramp;Auto;18.54;60.00;6;5;OFF;1.2;0.3;0.0
3595;07/15/2025 15:26:50;CCD;AMN;POST;I;DW368;0.2;Detection;Ramp;Auto;2.29;60.00;6;5;OFF;1.2;0.3;0.0
3596;07/15/2025 15:28:01;CCD;AMN;POST;I;DW368;0.2;Detection;Ramp;Auto;2.95;60.00;6;5;OFF;1.2;0.3;0.0
3597;07/15/2025 15:28:54;CCD;AMN;POST;I;DW368;1.0;Detection;Ramp;Auto;11.24;60.00;6;5;OFF;1.2;0.3;0.0
3598;07/15/2025 15:29:01;CCD;AMN;POST;I;DW368;0.9;Detection;Ramp;Auto;9.26;60.00;6;5;OFF;1.2;0.3;0.0
3599;07/15/2025 15:29:05;CCD;AMN;POST;I;DW368;0.5;Detection;Ramp;Auto;6.27;60.00;6;5;OFF;1.2;0.3;0.0
3600;07/15/2025 15:29:10;CCD;AMN;POST;I;DW368;0.1;Detection;Ramp;Auto;1.63;60.00;6;5;OFF;1.2;0.3;0.0
3601;07/15/2025 15:29:21;CCD;AMN;POST;I;DW368;0.6;Detection;Ramp;Auto;6.60;60.00;6;5;OFF;1.2;0.3;0.0
3602;07/15/2025 15:29:35;CCD;AMN;POST;I;DW368;0.2;Detection;Ramp;Auto;2.29;60.00;6;5;OFF;1.2;0.3;0.0
3603;07/15/2025 15:29:42;CCD;AMN;POST;I;DW368;1.2;Detection;Ramp;Auto;11.91;60.00;6;5;OFF;1.2;0.3;0.0
3604;07/15/2025 15:29:51;CCD;AMN;POST;I;DW368;1.9;Detection;Ramp;Auto;19.54;60.00;6;5;OFF;1.2;0.3;0.0
3605;07/15/2025 15:30:07;CCD;AMN;POST;I;DW368;1.0;Detection;Ramp;Auto;10.91;60.00;6;5;OFF;1.2;0.3;0.0
3606;07/15/2025 15:30:19;CCD;AMN;POST;I;DW368;1.2;Detection;Ramp;Auto;12.57;60.00;6;5;OFF;1.2;0.3;0.0
3607;07/15/2025 15:30:39;CCD;AMN;POST;I;DW368;0.8;Detection;Ramp;Auto;8.59;60.00;6;5;OFF;1.2;0.3;0.0
3608;07/15/2025 15:30:43;CCD;AMN;POST;I;DW368;0.5;Detection;Ramp;Auto;5.94;60.00;6;5;OFF;1.2;0.3;0.0
3609;07/15/2025 15:31:04;CCD;AMN;POST;I;DW368;1.5;Detection;Ramp;Auto;15.23;60.00;6;5;OFF;1.2;0.3;0.0
3610;07/15/2025 15:31:33;CCD;AMN;POST;I;DW368;3.7;Detection;Ramp;Auto;37.78;60.00;6;5;OFF;1.2;0.3;0.0
3611;07/15/2025 15:32:12;CCD;AMN;POST;I;DW368;3.9;Detection;Ramp;Auto;39.44;60.00;6;5;OFF;1.2;0.3;0.0
3612;07/15/2025 15:32:18;CCD;AMN;POST;I;DW368;2.2;Detection;Ramp;Auto;22.19;60.00;6;5;OFF;1.2;0.3;0.0
3613;07/15/2025 15:32:24;CCD;AMN;POST;I;DW368;2.1;Detection;Ramp;Auto;21.86;60.00;6;5;OFF;1.2;0.3;0.0
3614;07/15/2025 15:32:39;CCD;AMN;POST;I;DW368;1.3;Detection;Ramp;Auto;13.57;60.00;6;5;OFF;1.2;0.3;0.0
3615;07/15/2025 15:32:46;CCD;AMN;POST;I;DW368;2.6;Detection;Ramp;Auto;26.83;60.00;6;5;OFF;1.2;0.3;0.0
3616;07/15/2025 15:32:50;CCD;AMN;POST;I;DW368;0.6;Detection;Ramp;Auto;7.26;60.00;6;5;OFF;1.2;0.3;0.0
3617;07/15/2025 15:32:58;CCD;AMN;POST;I;DW368;1.0;Detection;Ramp;Auto;10.25;60.00;6;5;OFF;1.2;0.3;0.0
3618;07/15/2025 15:33:05;CCD;AMN;POST;I;DW368;0.8;Detection;Ramp;Auto;9.26;60.00;6;5;OFF;1.2;0.3;0.0
3619;07/15/2025 15:34:16;CCD;AMN;POST;I;DW368;3.1;Undefined;Ramp;Auto;31.48;60.00;6;5;OFF;1.2;0.3;0.0
3620;07/15/2025 15:34:18;CCD;AMN;POST;I;DW368;0.2;Detection;Ramp;Auto;2.62;60.00;6;5;OFF;1.2;0.3;0.0
3621;07/15/2025 15:34:26;CCD;AMN;POST;I;DW368;0.9;Detection;Ramp;Auto;10.25;60.00;6;5;OFF;1.2;0.3;0.0
3622;07/15/2025 15:35:02;CCD;AMN;POST;C;DW369;5.4;Detection;Ramp;Auto;54.03;60.00;6;5;OFF;1.2;0.3;0.0
3623;07/15/2025 15:35:10;CCD;AMN;POST;C;DW369;1.6;Detection;Ramp;Auto;16.55;60.00;6;5;OFF;1.2;0.3;0.0
3624;07/15/2025 15:35:19;CCD;AMN;POST;C;DW369;1.7;Detection;Ramp;Auto;17.22;60.00;6;5;OFF;1.2;0.3;0.0
3625;07/15/2025 15:35:25;CCD;AMN;POST;C;DW369;2.8;Detection;Ramp;Auto;28.16;60.00;6;5;OFF;1.2;0.3;0.0
3626;07/15/2025 15:35:36;CCD;AMN;POST;C;DW369;0.8;Detection;Ramp;Auto;8.26;60.00;6;5;OFF;1.2;0.3;0.0
3627;07/15/2025 15:35:44;CCD;AMN;POST;C;DW369;0.8;Detection;Ramp;Auto;8.92;60.00;6;5;OFF;1.2;0.3;0.0
3628;07/15/2025 15:35:50;CCD;AMN;POST;C;DW369;1.7;Detection;Ramp;Auto;18.21;60.00;6;5;OFF;1.2;0.3;0.0
3629;07/15/2025 15:36:03;CCD;AMN;POST;C;DW369;0.6;Detection;Ramp;Auto;6.60;60.00;6;5;OFF;1.2;0.3;0.0
3630;07/15/2025 15:36:09;CCD;AMN;POST;C;DW369;2.5;Detection;Ramp;Auto;25.51;60.00;6;5;OFF;1.2;0.3;0.0
3631;07/15/2025 15:36:19;CCD;AMN;POST;C;DW369;0.4;Detection;Ramp;Auto;4.94;60.00;6;5;OFF;1.2;0.3;0.0
3632;07/15/2025 15:36:32;CCD;AMN;POST;C;DW369;1.4;Detection;Ramp;Auto;13.90;60.00;6;5;OFF;1.2;0.3;0.0
3633;07/15/2025 15:36:38;CCD;AMN;POST;C;DW369;1.6;Detection;Ramp;Auto;16.22;60.00;6;5;OFF;1.2;0.3;0.0
3634;07/15/2025 15:36:44;CCD;AMN;POST;C;DW369;1.6;Detection;Ramp;Auto;16.55;60.00;6;5;OFF;1.2;0.3;0.0
3635;07/15/2025 15:37:53;CCD;AMN;POST;C;DW369;6.2;Undefined;Ramp;Auto;60.00;60.00;6;5;OFF;1.2;0.3;0.0
3636;07/15/2025 15:37:59;CCD;AMN;POST;C;DW369;4.2;Detection;Ramp;Auto;41.43;60.00;6;5;OFF;1.2;0.3;0.0
3637;07/15/2025 15:38:08;CCD;AMN;POST;C;DW369;2.6;Detection;Ramp;Auto;26.83;60.00;6;5;OFF;1.2;0.3;0.0
3638;07/15/2025 15:38:16;CCD;AMN;POST;C;DW369;0.6;Detection;Ramp;Auto;6.60;60.00;6;5;OFF;1.2;0.3;0.0
3639;07/15/2025 15:38:28;CCD;AMN;POST;C;DW369;2.9;Detection;Ramp;Auto;29.16;60.00;6;5;OFF;1.2;0.3;0.0
3640;07/15/2025 15:38:36;CCD;AMN;POST;C;DW369;3.5;Detection;Ramp;Auto;35.46;60.00;6;5;OFF;1.2;0.3;0.0
3641;07/15/2025 15:38:41;CCD;AMN;POST;C;DW369;0.1;Detection;Ramp;Auto;1.96;60.00;6;5;OFF;1.2;0.3;0.0
3642;07/15/2025 15:38:46;CCD;AMN;POST;C;DW369;1.6;Detection;Ramp;Auto;16.22;60.00;6;5;OFF;1.2;0.3;0.0
3643;07/15/2025 15:39:16;CCD;AMN;POST;C;DW368;4.1;Detection;Ramp;Auto;41.10;60.00;6;5;OFF;1.2;0.3;0.0
3644;07/15/2025 15:39:25;CCD;AMN;POST;C;DW368;3.2;Detection;Ramp;Auto;31.81;60.00;6;5;OFF;1.2;0.3;0.0
3645;07/15/2025 15:39:34;CCD;AMN;POST;C;DW368;1.2;Detection;Ramp;Auto;12.24;60.00;6;5;OFF;1.2;0.3;0.0
3646;07/15/2025 15:39:49;CCD;AMN;POST;C;DW368;2.2;Detection;Ramp;Auto;21.86;60.00;6;5;OFF;1.2;0.3;0.0
3647;07/15/2025 15:40:11;CCD;AMN;POST;C;DW368;0.7;Detection;Ramp;Auto;7.93;60.00;6;5;OFF;1.2;0.3;0.0
3648;07/15/2025 15:40:19;CCD;AMN;POST;C;DW368;3.8;Detection;Ramp;Auto;38.44;60.00;6;5;OFF;1.2;0.3;0.0
3649;07/15/2025 15:40:26;CCD;AMN;POST;C;DW368;1.7;Detection;Ramp;Auto;17.88;60.00;6;5;OFF;1.2;0.3;0.0
3650;07/15/2025 15:40:47;CCD;AMN;POST;C;DW368;2.8;Detection;Ramp;Auto;27.83;60.00;6;5;OFF;1.2;0.3;0.0
3651;07/15/2025 15:40:53;CCD;AMN;POST;C;DW368;1.3;Detection;Ramp;Auto;13.23;60.00;6;5;OFF;1.2;0.3;0.0
3652;07/15/2025 15:41:14;CCD;AMN;POST;C;DW368;3.2;Detection;Ramp;Auto;32.47;60.00;6;5;OFF;1.2;0.3;0.0
3653;07/15/2025 15:41:25;CCD;AMN;POST;C;DW368;4.8;Detection;Ramp;Auto;48.06;60.00;6;5;OFF;1.2;0.3;0.0
3654;07/15/2025 15:41:37;CCD;AMN;POST;C;DW368;4.0;Detection;Ramp;Auto;40.43;60.00;6;5;OFF;1.2;0.3;0.0
3655;07/15/2025 15:41:59;CCD;AMN;POST;C;DW368;4.1;Detection;Ramp;Auto;41.43;60.00;6;5;OFF;1.2;0.3;0.0
3656;07/15/2025 15:42:08;CCD;AMN;POST;C;DW368;4.1;Detection;Ramp;Auto;41.10;60.00;6;5;OFF;1.2;0.3;0.0
3657;07/15/2025 15:42:12;CCD;AMN;POST;C;DW368;0.1;Detection;Ramp;Auto;2.29;60.00;6;5;OFF;1.2;0.3;0.0
3658;07/15/2025 15:42:32;CCD;AMN;POST;C;DW368;2.7;Detection;Ramp;Auto;27.17;60.00;6;5;OFF;1.2;0.3;0.0
3659;07/15/2025 15:42:40;CCD;AMN;POST;C;DW368;3.0;Detection;Ramp;Auto;29.49;60.00;6;5;OFF;1.2;0.3;0.0
3660;07/15/2025 15:42:47;CCD;AMN;POST;C;DW368;0.0;Manual Stop;Ramp;Auto;0.30;60.00;6;5;OFF;1.2;0.3;0.0
3661;07/15/2025 15:42:54;CCD;AMN;POST;C;DW368;2.7;Detection;Ramp;Auto;26.83;60.00;6;5;OFF;1.2;0.3;0.0
3662;07/15/2025 15:43:04;CCD;AMN;POST;C;DW368;2.9;Detection;Ramp;Auto;28.49;60.00;6;5;OFF;1.2;0.3;0.0
3663;07/15/2025 15:43:23;CCD;AMN;POST;C;DW368;5.2;Detection;Ramp;Auto;52.04;60.00;6;5;OFF;1.2;0.3;0.0
3664;07/15/2025 15:43:32;CCD;AMN;POST;C;DW368;3.3;Detection;Ramp;Auto;33.13;60.00;6;5;OFF;1.2;0.3;0.0
3665;07/15/2025 15:43:39;CCD;AMN;POST;C;DW368;1.8;Detection;Ramp;Auto;18.87;60.00;6;5;OFF;1.2;0.3;0.0
3666;07/16/2025 13:37:40;CCD;AMN;POST;C;DW368;4.6;Detection;Ramp;Auto;45.74;60.00;6;5;OFF;1.2;0.3;0.0
3667;07/16/2025 13:38:13;CCD;AMN;POST;C;DW368;6.1;Detection;Ramp;Auto;59.67;60.00;6;5;OFF;1.2;0.3;0.0
3668;07/16/2025 13:38:26;CCD;AMN;POST;C;DW368;3.4;Detection;Ramp;Auto;34.79;60.00;6;5;OFF;1.2;0.3;0.0
3669;07/16/2025 13:38:48;CCD;AMN;POST;C;DW368;4.0;Detection;Ramp;Auto;40.10;60.00;6;5;OFF;1.2;0.3;0.0
3670;07/16/2025 13:39:01;CCD;AMN;POST;C;DW368;6.7;Detection;Ramp;Auto;60.00;60.00;6;5;OFF;1.2;0.3;0.0
3671;07/16/2025 13:39:15;CCD;AMN;POST;C;DW368;4.8;Detection;Ramp;Auto;47.06;60.00;6;5;OFF;1.2;0.3;0.0
3672;07/16/2025 13:39:30;CCD;AMN;POST;C;DW368;3.5;Detection;Ramp;Auto;35.46;60.00;6;5;OFF;1.2;0.3;0.0
3673;07/16/2025 13:39:52;CCD;AMN;POST;C;DW368;4.5;Detection;Ramp;Auto;44.41;60.00;6;5;OFF;1.2;0.3;0.0
3674;07/16/2025 13:40:05;CCD;AMN;POST;C;DW368;5.7;Detection;Ramp;Auto;57.01;60.00;6;5;OFF;1.2;0.3;0.0
3675;07/16/2025 13:40:17;CCD;AMN;POST;C;DW368;5.5;Detection;Ramp;Auto;54.69;60.00;6;5;OFF;1.2;0.3;0.0
3676;07/16/2025 13:40:29;CCD;AMN;POST;C;DW368;1.9;Detection;Ramp;Auto;19.87;60.00;6;5;OFF;1.2;0.3;0.0
3677;07/16/2025 13:40:46;CCD;AMN;POST;C;DW368;5.7;Detection;Ramp;Auto;57.35;60.00;6;5;OFF;1.2;0.3;0.0
3678;07/16/2025 13:40:59;CCD;AMN;POST;C;DW368;5.3;Detection;Ramp;Auto;52.70;60.00;6;5;OFF;1.2;0.3;0.0
3679;07/16/2025 13:41:13;CCD;AMN;POST;C;DW368;5.2;Detection;Ramp;Auto;52.04;60.00;6;5;OFF;1.2;0.3;0.0
3680;07/16/2025 13:41:28;CCD;AMN;POST;C;DW368;2.6;Detection;Ramp;Auto;27.17;60.00;6;5;OFF;1.2;0.3;0.0
3681;07/16/2025 13:41:40;CCD;AMN;POST;C;DW368;1.5;Detection;Ramp;Auto;16.22;60.00;6;5;OFF;1.2;0.3;0.0
3682;07/16/2025 13:42:05;CCD;AMN;POST;C;DW368;2.8;Detection;Ramp;Auto;27.83;60.00;6;5;OFF;1.2;0.3;0.0
3683;07/16/2025 13:42:25;CCD;AMN;POST;C;DW368;3.0;Detection;Ramp;Auto;29.82;60.00;6;5;OFF;1.2;0.3;0.0
3684;07/16/2025 13:42:36;CCD;AMN;POST;C;DW368;1.9;Detection;Ramp;Auto;19.20;60.00;6;5;OFF;1.2;0.3;0.0
3685;07/16/2025 13:43:10;CCD;AMN;POST;C;DW368;2.0;Detection;Ramp;Auto;21.19;60.00;6;5;OFF;1.2;0.3;0.0
3686;07/16/2025 13:43:26;CCD;AMN;POST;C;DW368;2.1;Detection;Ramp;Auto;20.86;60.00;6;5;OFF;1.2;0.3;0.0
3687;07/16/2025 13:43:32;CCD;AMN;POST;C;DW368;1.0;Detection;Ramp;Auto;10.91;60.00;6;5;OFF;1.2;0.3;0.0
3688;07/16/2025 13:44:27;CCD;AMN;POST;C;DW368;5.6;Detection;Ramp;Auto;55.69;60.00;6;5;OFF;1.2;0.3;0.0
3689;07/16/2025 13:44:47;CCD;AMN;POST;C;DW368;6.1;Detection;Ramp;Auto;60.00;60.00;6;5;OFF;1.2;0.3;0.0
3690;07/16/2025 13:45:00;CCD;AMN;POST;C;DW368;3.8;Detection;Ramp;Auto;37.78;60.00;6;5;OFF;1.2;0.3;0.0
3691;07/16/2025 13:45:23;CCD;AMN;POST;C;DW368;1.8;Detection;Ramp;Auto;18.21;60.00;6;5;OFF;1.2;0.3;0.0
3692;07/16/2025 13:45:32;CCD;AMN;POST;C;DW368;0.3;Detection;Ramp;Auto;3.62;60.00;6;5;OFF;1.2;0.3;0.0
3693;07/16/2025 13:46:00;CCD;AMN;POST;C;DW368;4.3;Detection;Ramp;Auto;42.09;60.00;6;5;OFF;1.2;0.3;0.0
3694;07/16/2025 13:46:16;CCD;AMN;POST;C;DW368;2.2;Detection;Ramp;Auto;22.19;60.00;6;5;OFF;1.2;0.3;0.0
3695;07/16/2025 13:46:42;CCD;AMN;POST;C;DW368;5.4;Detection;Ramp;Auto;54.36;60.00;6;5;OFF;1.2;0.3;0.0
3696;07/16/2025 13:46:50;CCD;AMN;POST;C;DW368;2.2;Detection;Ramp;Auto;22.19;60.00;6;5;OFF;1.2;0.3;0.0
3697;07/16/2025 13:47:00;CCD;AMN;POST;C;DW368;0.9;Detection;Ramp;Auto;9.59;60.00;6;5;OFF;1.2;0.3;0.0
3698;07/16/2025 13:47:39;CCD;AMN;POST;C;DW368;2.7;Detection;Ramp;Auto;27.50;60.00;6;5;OFF;1.2;0.3;0.0
3699;07/16/2025 13:47:48;CCD;AMN;POST;C;DW368;2.0;Detection;Ramp;Auto;19.87;60.00;6;5;OFF;1.2;0.3;0.0
3700;07/16/2025 13:48:04;CCD;AMN;POST;C;DW368;3.4;Detection;Ramp;Auto;33.13;60.00;6;5;OFF;1.2;0.3;0.0
3701;07/16/2025 13:48:34;CCD;AMN;POST;C;DW368;4.6;Detection;Ramp;Auto;45.74;60.00;6;5;OFF;1.2;0.3;0.0
3702;07/16/2025 13:49:00;CCD;AMN;POST;C;DW368;3.5;Detection;Ramp;Auto;34.46;60.00;6;5;OFF;1.2;0.3;0.0
3703;07/16/2025 13:51:29;CCD;AMN;POST;C;DW368;2.7;Detection;Ramp;Auto;27.17;60.00;6;5;OFF;1.2;0.3;0.0
3704;07/16/2025 13:52:03;CCD;AMN;POST;C;DW369;2.1;Detection;Ramp;Auto;21.53;60.00;6;5;OFF;1.2;0.3;0.0
3705;07/16/2025 13:52:15;CCD;AMN;POST;C;DW369;5.3;Detection;Ramp;Auto;53.03;60.00;6;5;OFF;1.2;0.3;0.0
3706;07/16/2025 13:52:23;CCD;AMN;POST;C;DW369;0.7;Detection;Ramp;Auto;7.26;60.00;6;5;OFF;1.2;0.3;0.0
3707;07/16/2025 13:52:41;CCD;AMN;POST;C;DW369;4.9;Detection;Ramp;Auto;49.39;60.00;6;5;OFF;1.2;0.3;0.0
3708;07/16/2025 13:52:50;CCD;AMN;POST;C;DW369;1.6;Detection;Ramp;Auto;16.22;60.00;6;5;OFF;1.2;0.3;0.0
3709;07/16/2025 13:53:06;CCD;AMN;POST;C;DW369;2.0;Detection;Ramp;Auto;20.53;60.00;6;5;OFF;1.2;0.3;0.0
3710;07/16/2025 13:53:20;CCD;AMN;POST;C;DW369;2.9;Detection;Ramp;Auto;29.16;60.00;6;5;OFF;1.2;0.3;0.0
3711;07/16/2025 13:53:28;CCD;AMN;POST;C;DW369;1.9;Detection;Ramp;Auto;19.54;60.00;6;5;OFF;1.2;0.3;0.0
3712;07/16/2025 13:54:07;CCD;AMN;POST;C;DW369;4.0;Detection;Ramp;Auto;40.43;60.00;6;5;OFF;1.2;0.3;0.0
3713;07/16/2025 13:54:46;CCD;AMN;POST;C;DW369;3.0;Detection;Ramp;Auto;30.48;60.00;6;5;OFF;1.2;0.3;0.0
3714;07/16/2025 13:55:40;CCD;AMN;POST;C;DW369;2.5;Detection;Ramp;Auto;25.17;60.00;6;5;OFF;1.2;0.3;0.0
3715;07/16/2025 13:56:10;CCD;AMN;POST;C;DW369;1.2;Detection;Ramp;Auto;12.24;60.00;6;5;OFF;1.2;0.3;0.0
3716;07/16/2025 13:56:28;CCD;AMN;POST;C;DW369;1.7;Detection;Ramp;Auto;17.22;60.00;6;5;OFF;1.2;0.3;0.0
3717;07/16/2025 13:57:23;CCD;AMN;POST;C;DW369;1.5;Detection;Ramp;Auto;16.22;60.00;6;5;OFF;1.2;0.3;0.0
3718;07/16/2025 13:57:39;CCD;AMN;POST;C;DW369;2.5;Detection;Ramp;Auto;25.84;60.00;6;5;OFF;1.2;0.3;0.0
3719;07/16/2025 13:57:53;CCD;AMN;POST;C;DW369;3.1;Detection;Ramp;Auto;31.81;60.00;6;5;OFF;1.2;0.3;0.0
3720;07/16/2025 13:58:30;CCD;AMN;POST;C;DW369;1.5;Detection;Ramp;Auto;14.89;60.00;6;5;OFF;1.2;0.3;0.0
3721;07/16/2025 13:59:03;CCD;AMN;POST;C;DW369;5.4;Detection;Ramp;Auto;53.37;60.00;6;5;OFF;1.2;0.3;0.0
3722;07/16/2025 13:59:13;CCD;AMN;POST;C;DW369;0.1;Detection;Ramp;Auto;1.63;60.00;6;5;OFF;1.2;0.3;0.0
3723;07/16/2025 13:59:22;CCD;AMN;POST;C;DW369;1.5;Detection;Ramp;Auto;15.23;60.00;6;5;OFF;1.2;0.3;0.0
3724;07/16/2025 13:59:30;CCD;AMN;POST;C;DW369;3.9;Detection;Ramp;Auto;39.44;60.00;6;5;OFF;1.2;0.3;0.0
3725;07/16/2025 13:59:52;CCD;AMN;POST;C;DW369;3.6;Detection;Ramp;Auto;35.46;60.00;6;5;OFF;1.2;0.3;0.0
3726;07/16/2025 14:00:13;CCD;AMN;POST;C;DW369;4.5;Detection;Ramp;Auto;45.41;60.00;6;5;OFF;1.2;0.3;0.0
3727;07/16/2025 14:00:35;CCD;AMN;POST;C;DW369;3.8;Detection;Ramp;Auto;37.45;60.00;6;5;OFF;1.2;0.3;0.0
3728;07/16/2025 14:00:55;CCD;AMN;POST;C;DW369;5.4;Detection;Ramp;Auto;53.70;60.00;6;5;OFF;1.2;0.3;0.0
3729;07/16/2025 14:01:29;CCD;AMN;POST;C;DW369;3.8;Detection;Ramp;Auto;38.77;60.00;6;5;OFF;1.2;0.3;0.0
3730;07/16/2025 14:01:53;CCD;AMN;POST;C;DW369;0.2;Detection;Ramp;Auto;2.29;60.00;6;5;OFF;1.2;0.3;0.0
3731;07/16/2025 14:02:11;CCD;AMN;POST;C;DW369;4.0;Detection;Ramp;Auto;40.10;60.00;6;5;OFF;1.2;0.3;0.0
3732;07/16/2025 14:02:37;CCD;AMN;POST;C;DW369;5.1;Detection;Ramp;Auto;51.04;60.00;6;5;OFF;1.2;0.3;0.0
3733;07/16/2025 14:02:46;CCD;AMN;POST;C;DW369;0.0;Detection;Ramp;Auto;0.30;60.00;6;5;OFF;1.2;0.3;0.0
3734;07/16/2025 14:03:24;CCD;AMN;POST;C;DW369;3.9;Detection;Ramp;Auto;39.44;60.00;6;5;OFF;1.2;0.3;0.0
3735;07/16/2025 14:04:37;CCD;AMN;POST;C;DW369;4.5;Detection;Ramp;Auto;44.74;60.00;6;5;OFF;1.2;0.3;0.0
3736;07/16/2025 14:04:48;CCD;AMN;POST;C;DW369;6.0;Detection;Ramp;Auto;59.01;60.00;6;5;OFF;1.2;0.3;0.0
3737;07/16/2025 14:05:00;CCD;AMN;POST;C;DW369;5.0;Detection;Ramp;Auto;49.72;60.00;6;5;OFF;1.2;0.3;0.0
3738;07/16/2025 14:05:12;CCD;AMN;POST;C;DW369;5.3;Detection;Ramp;Auto;52.37;60.00;6;5;OFF;1.2;0.3;0.0
3739;07/16/2025 14:05:22;CCD;AMN;POST;C;DW369;3.5;Detection;Ramp;Auto;34.79;60.00;6;5;OFF;1.2;0.3;0.0
3740;07/16/2025 14:05:33;CCD;AMN;POST;C;DW369;0.0;Detection;Ramp;Auto;0.30;60.00;6;5;OFF;1.2;0.3;0.0
3741;07/16/2025 14:05:43;CCD;AMN;POST;C;DW369;0.3;Detection;Ramp;Auto;3.95;60.00;6;5;OFF;1.2;0.3;0.0
3742;07/16/2025 14:05:51;CCD;AMN;POST;C;DW369;3.1;Detection;Ramp;Auto;31.48;60.00;6;5;OFF;1.2;0.3;0.0
3743;07/16/2025 14:06:01;CCD;AMN;POST;C;DW369;4.9;Detection;Ramp;Auto;48.72;60.00;6;5;OFF;1.2;0.3;0.0
3744;07/16/2025 14:07:48;CCD;AMN;POST;I;DW368;1.2;Detection;Ramp;Auto;12.57;60.00;6;5;OFF;1.2;0.3;0.0
3745;07/16/2025 14:07:55;CCD;AMN;POST;I;DW368;2.3;Detection;Ramp;Auto;23.18;60.00;6;5;OFF;1.2;0.3;0.0
3746;07/16/2025 14:08:18;CCD;AMN;POST;I;DW368;2.7;Detection;Ramp;Auto;27.17;60.00;6;5;OFF;1.2;0.3;0.0
3747;07/16/2025 14:09:00;CCD;AMN;POST;I;DW368;0.8;Detection;Ramp;Auto;8.92;60.00;6;5;OFF;1.2;0.3;0.0
3748;07/16/2025 14:09:10;CCD;AMN;POST;I;DW368;1.0;Detection;Ramp;Auto;9.92;60.00;6;5;OFF;1.2;0.3;0.0
3749;07/16/2025 14:09:19;CCD;AMN;POST;I;DW368;0.8;Detection;Ramp;Auto;9.26;60.00;6;5;OFF;1.2;0.3;0.0
3750;07/16/2025 14:12:38;CCD;AMN;POST;I;DW368;0.2;Detection;Ramp;Auto;3.29;60.00;6;5;OFF;1.2;0.3;0.0
3751;07/16/2025 14:13:11;CCD;AMN;POST;I;DW368;1.9;Detection;Ramp;Auto;19.20;60.00;6;5;OFF;1.2;0.3;0.0
3752;07/16/2025 14:13:40;CCD;AMN;POST;I;DW368;0.6;Detection;Ramp;Auto;6.27;60.00;6;5;OFF;1.2;0.3;0.0
3753;07/16/2025 14:14:09;CCD;AMN;POST;I;DW368;6.0;Detection;Ramp;Auto;59.34;60.00;6;5;OFF;1.2;0.3;0.0
3754;07/16/2025 14:14:18;CCD;AMN;POST;I;DW368;3.2;Detection;Ramp;Auto;32.80;60.00;6;5;OFF;1.2;0.3;0.0
3755;07/16/2025 14:14:36;CCD;AMN;POST;I;DW368;0.6;Detection;Ramp;Auto;6.60;60.00;6;5;OFF;1.2;0.3;0.0
3756;07/16/2025 14:15:21;CCD;AMN;POST;I;DW368;0.9;Detection;Ramp;Auto;9.92;60.00;6;5;OFF;1.2;0.3;0.0
3757;07/16/2025 14:15:33;CCD;AMN;POST;I;DW368;0.9;Detection;Ramp;Auto;9.26;60.00;6;5;OFF;1.2;0.3;0.0
3758;07/16/2025 14:16:28;CCD;AMN;POST;I;DW368;5.6;Detection;Ramp;Auto;56.68;60.00;6;5;OFF;1.2;0.3;0.0
3759;07/16/2025 14:17:20;CCD;AMN;POST;I;DW368;2.1;Detection;Ramp;Auto;22.19;60.00;6;5;OFF;1.2;0.3;0.0
3760;07/16/2025 14:17:29;CCD;AMN;POST;I;DW368;0.3;Detection;Ramp;Auto;3.29;60.00;6;5;OFF;1.2;0.3;0.0
3761;07/16/2025 14:18:03;CCD;AMN;POST;I;DW368;1.7;Detection;Ramp;Auto;17.22;60.00;6;5;OFF;1.2;0.3;0.0
3762;07/16/2025 14:18:11;CCD;AMN;POST;I;DW368;0.7;Detection;Ramp;Auto;7.60;60.00;6;5;OFF;1.2;0.3;0.0
3763;07/16/2025 14:18:28;CCD;AMN;POST;I;DW368;1.0;Detection;Ramp;Auto;10.58;60.00;6;5;OFF;1.2;0.3;0.0
3764;07/16/2025 14:18:59;CCD;AMN;POST;I;DW368;0.9;Detection;Ramp;Auto;9.26;60.00;6;5;OFF;1.2;0.3;0.0
3765;07/16/2025 14:19:30;CCD;AMN;POST;I;DW368;0.5;Detection;Ramp;Auto;5.94;60.00;6;5;OFF;1.2;0.3;0.0
3766;07/16/2025 14:20:03;CCD;AMN;POST;I;DW368;1.7;Detection;Ramp;Auto;17.22;60.00;6;5;OFF;1.2;0.3;0.0
3767;07/16/2025 14:20:30;CCD;AMN;POST;I;DW368;0.7;Detection;Ramp;Auto;8.26;60.00;6;5;OFF;1.2;0.3;0.0
3768;07/16/2025 14:21:08;CCD;AMN;POST;I;DW368;2.2;Detection;Ramp;Auto;22.19;60.00;6;5;OFF;1.2;0.3;0.0
3769;07/16/2025 14:21:23;CCD;AMN;POST;I;DW368;1.5;Detection;Ramp;Auto;15.89;60.00;6;5;OFF;1.2;0.3;0.0
3770;07/16/2025 14:21:43;CCD;AMN;POST;I;DW368;2.0;Detection;Ramp;Auto;19.87;60.00;6;5;OFF;1.2;0.3;0.0
3771;07/16/2025 14:21:59;CCD;AMN;POST;I;DW368;3.5;Detection;Ramp;Auto;34.79;60.00;6;5;OFF;1.2;0.3;0.0
3772;07/16/2025 14:22:13;CCD;AMN;POST;I;DW368;2.6;Detection;Ramp;Auto;26.50;60.00;6;5;OFF;1.2;0.3;0.0
3773;07/16/2025 14:22:45;CCD;AMN;POST;I;DW368;0.1;Detection;Ramp;Auto;1.29;60.00;6;5;OFF;1.2;0.3;0.0
3774;07/16/2025 14:23:17;CCD;AMN;POST;I;DW368;0.0;Detection;Ramp;Auto;0.30;60.00;6;5;OFF;1.2;0.3;0.0
3775;07/16/2025 14:23:44;CCD;AMN;POST;I;DW368;1.6;Detection;Ramp;Auto;16.88;60.00;6;5;OFF;1.2;0.3;0.0
3776;07/16/2025 14:23:51;CCD;AMN;POST;I;DW368;1.9;Detection;Ramp;Auto;19.87;60.00;6;5;OFF;1.2;0.3;0.0
3777;07/16/2025 14:24:01;CCD;AMN;POST;I;DW368;5.7;Detection;Ramp;Auto;57.01;60.00;6;5;OFF;1.2;0.3;0.0
3778;07/16/2025 14:24:08;CCD;AMN;POST;I;DW368;0.3;Detection;Ramp;Auto;4.28;60.00;6;5;OFF;1.2;0.3;0.0
3779;07/16/2025 14:24:37;CCD;AMN;POST;I;DW368;0.9;Detection;Ramp;Auto;9.92;60.00;6;5;OFF;1.2;0.3;0.0
3780;07/16/2025 14:24:52;CCD;AMN;POST;I;DW368;2.8;Detection;Ramp;Auto;28.16;60.00;6;5;OFF;1.2;0.3;0.0
3781;07/16/2025 14:24:58;CCD;AMN;POST;I;DW368;2.4;Detection;Ramp;Auto;24.18;60.00;6;5;OFF;1.2;0.3;0.0
3782;07/16/2025 14:25:06;CCD;AMN;POST;I;DW368;1.7;Detection;Ramp;Auto;17.22;60.00;6;5;OFF;1.2;0.3;0.0
3783;07/16/2025 14:25:31;CCD;AMN;POST;I;DW368;2.0;Detection;Ramp;Auto;20.53;60.00;6;5;OFF;1.2;0.3;0.0
3784;07/16/2025 14:25:54;CCD;AMN;POST;I;DW368;1.0;Detection;Ramp;Auto;10.25;60.00;6;5;OFF;1.2;0.3;0.0
3785;07/16/2025 14:26:03;CCD;AMN;POST;I;DW368;1.0;Detection;Ramp;Auto;11.24;60.00;6;5;OFF;1.2;0.3;0.0
3786;07/16/2025 14:26:15;CCD;AMN;POST;I;DW368;0.9;Detection;Ramp;Auto;10.25;60.00;6;5;OFF;1.2;0.3;0.0
3787;07/16/2025 14:26:28;CCD;AMN;POST;I;DW368;1.2;Detection;Ramp;Auto;12.90;60.00;6;5;OFF;1.2;0.3;0.0
3788;07/16/2025 14:27:12;CCD;AMN;POST;I;DW368;1.2;Detection;Ramp;Auto;12.24;60.00;6;5;OFF;1.2;0.3;0.0
3789;07/16/2025 14:27:40;CCD;AMN;POST;I;DW368;1.4;Detection;Ramp;Auto;14.89;60.00;6;5;OFF;1.2;0.3;0.0
3790;07/16/2025 14:28:44;CCD;AMN;POST;I;DW368;1.2;Detection;Ramp;Auto;12.24;60.00;6;5;OFF;1.2;0.3;0.0
3791;07/16/2025 14:29:18;CCD;AMN;POST;I;DW368;2.4;Detection;Ramp;Auto;23.85;60.00;6;5;OFF;1.2;0.3;0.0
3792;07/16/2025 14:29:26;CCD;AMN;POST;I;DW368;0.7;Detection;Ramp;Auto;7.60;60.00;6;5;OFF;1.2;0.3;0.0
3793;07/16/2025 14:29:36;CCD;AMN;POST;I;DW368;0.8;Detection;Ramp;Auto;8.59;60.00;6;5;OFF;1.2;0.3;0.0
3794;07/16/2025 14:29:41;CCD;AMN;POST;I;DW368;1.1;Detection;Ramp;Auto;11.58;60.00;6;5;OFF;1.2;0.3;0.0
3795;07/16/2025 14:29:48;CCD;AMN;POST;I;DW368;0.2;Detection;Ramp;Auto;2.62;60.00;6;5;OFF;1.2;0.3;0.0
3796;07/16/2025 14:30:01;CCD;AMN;POST;I;DW368;2.1;Detection;Ramp;Auto;21.19;60.00;6;5;OFF;1.2;0.3;0.0
3797;07/16/2025 14:30:06;CCD;AMN;POST;I;DW368;0.7;Detection;Ramp;Auto;7.26;60.00;6;5;OFF;1.2;0.3;0.0
3798;07/16/2025 14:30:38;CCD;AMN;POST;I;DW368;0.7;Detection;Ramp;Auto;6.93;60.00;6;5;OFF;1.2;0.3;0.0
3799;07/16/2025 14:30:51;CCD;AMN;POST;I;DW368;0.9;Detection;Ramp;Auto;9.59;60.00;6;5;OFF;1.2;0.3;0.0
3800;07/16/2025 14:31:13;CCD;AMN;POST;I;DW368;0.5;Detection;Ramp;Auto;5.61;60.00;6;5;OFF;1.2;0.3;0.0
3801;07/16/2025 14:31:25;CCD;AMN;POST;I;DW368;0.9;Detection;Ramp;Auto;9.26;60.00;6;5;OFF;1.2;0.3;0.0
3802;07/16/2025 14:31:34;CCD;AMN;POST;I;DW368;0.7;Detection;Ramp;Auto;7.26;60.00;6;5;OFF;1.2;0.3;0.0
3803;07/16/2025 14:32:29;CCD;AMN;POST;I;DW368;1.9;Detection;Ramp;Auto;19.54;60.00;6;5;OFF;1.2;0.3;0.0
3804;07/16/2025 14:32:34;CCD;AMN;POST;I;DW368;0.8;Detection;Ramp;Auto;9.26;60.00;6;5;OFF;1.2;0.3;0.0
3805;07/16/2025 14:32:56;CCD;AMN;POST;I;DW368;1.1;Detection;Ramp;Auto;11.58;60.00;6;5;OFF;1.2;0.3;0.0
3806;07/16/2025 14:33:07;CCD;AMN;POST;I;DW368;4.4;Detection;Ramp;Auto;44.08;60.00;6;5;OFF;1.2;0.3;0.0
3807;07/16/2025 14:34:37;CCD;AMN;POST;I;DW369;2.2;Undefined;Ramp;Auto;22.19;60.00;6;5;OFF;1.2;0.3;0.0
3808;07/16/2025 14:34:44;CCD;AMN;POST;I;DW369;4.3;Detection;Ramp;Auto;42.09;60.00;6;5;OFF;1.2;0.3;0.0
3809;07/16/2025 14:34:54;CCD;AMN;POST;I;DW369;3.3;Detection;Ramp;Auto;33.47;60.00;6;5;OFF;1.2;0.3;0.0
3810;07/16/2025 14:35:08;CCD;AMN;POST;I;DW369;3.7;Detection;Ramp;Auto;37.12;60.00;6;5;OFF;1.2;0.3;0.0
3811;07/16/2025 14:35:14;CCD;AMN;POST;I;DW369;0.2;Detection;Ramp;Auto;2.62;60.00;6;5;OFF;1.2;0.3;0.0
3812;07/16/2025 14:35:36;CCD;AMN;POST;I;DW369;3.0;Detection;Ramp;Auto;30.48;60.00;6;5;OFF;1.2;0.3;0.0
3813;07/16/2025 14:35:53;CCD;AMN;POST;I;DW369;2.2;Detection;Ramp;Auto;22.85;60.00;6;5;OFF;1.2;0.3;0.0
3814;07/16/2025 14:36:10;CCD;AMN;POST;I;DW369;1.5;Detection;Ramp;Auto;15.89;60.00;6;5;OFF;1.2;0.3;0.0
3815;07/16/2025 14:36:15;CCD;AMN;POST;I;DW369;0.6;Detection;Ramp;Auto;6.93;60.00;6;5;OFF;1.2;0.3;0.0
3816;07/16/2025 14:36:28;CCD;AMN;POST;I;DW369;2.2;Detection;Ramp;Auto;22.52;60.00;6;5;OFF;1.2;0.3;0.0
3817;07/16/2025 14:37:18;CCD;AMN;POST;I;DW369;2.4;Detection;Ramp;Auto;24.18;60.00;6;5;OFF;1.2;0.3;0.0
3818;07/16/2025 14:37:24;CCD;AMN;POST;I;DW369;1.0;Detection;Ramp;Auto;10.25;60.00;6;5;OFF;1.2;0.3;0.0
3819;07/16/2025 14:37:46;CCD;AMN;POST;I;DW369;0.9;Detection;Ramp;Auto;9.92;60.00;6;5;OFF;1.2;0.3;0.0
3820;07/16/2025 14:37:53;CCD;AMN;POST;I;DW369;3.2;Detection;Ramp;Auto;31.81;60.00;6;5;OFF;1.2;0.3;0.0
3821;07/16/2025 14:39:18;CCD;AMN;POST;I;DW369;1.6;Detection;Ramp;Auto;16.55;60.00;6;5;OFF;1.2;0.3;0.0
3822;07/16/2025 14:39:23;CCD;AMN;POST;I;DW369;0.7;Detection;Ramp;Auto;7.60;60.00;6;5;OFF;1.2;0.3;0.0
3823;07/16/2025 14:39:45;CCD;AMN;POST;I;DW369;1.3;Detection;Ramp;Auto;14.23;60.00;6;5;OFF;1.2;0.3;0.0
3824;07/16/2025 14:40:27;CCD;AMN;POST;I;DW369;2.6;Detection;Ramp;Auto;25.84;60.00;6;5;OFF;1.2;0.3;0.0
3825;07/16/2025 14:40:58;CCD;AMN;POST;I;DW369;2.1;Detection;Ramp;Auto;21.19;60.00;6;5;OFF;1.2;0.3;0.0
3826;07/16/2025 14:41:13;CCD;AMN;POST;I;DW369;2.1;Detection;Ramp;Auto;21.53;60.00;6;5;OFF;1.2;0.3;0.0
3827;07/16/2025 14:41:24;CCD;AMN;POST;I;DW369;2.3;Detection;Ramp;Auto;23.18;60.00;6;5;OFF;1.2;0.3;0.0
3828;07/16/2025 14:41:46;CCD;AMN;POST;I;DW369;0.9;Detection;Ramp;Auto;9.59;60.00;6;5;OFF;1.2;0.3;0.0
3829;07/16/2025 14:42:03;CCD;AMN;POST;I;DW369;4.0;Detection;Ramp;Auto;40.10;60.00;6;5;OFF;1.2;0.3;0.0
3830;07/16/2025 14:42:14;CCD;AMN;POST;I;DW369;2.0;Detection;Ramp;Auto;20.20;60.00;6;5;OFF;1.2;0.3;0.0
3831;07/16/2025 14:42:22;CCD;AMN;POST;I;DW369;1.7;Detection;Ramp;Auto;17.88;60.00;6;5;OFF;1.2;0.3;0.0
3832;07/16/2025 14:42:42;CCD;AMN;POST;I;DW369;5.3;Detection;Ramp;Auto;53.03;60.00;6;5;OFF;1.2;0.3;0.0
3833;07/16/2025 14:42:53;CCD;AMN;POST;I;DW369;4.2;Detection;Ramp;Auto;41.43;60.00;6;5;OFF;1.2;0.3;0.0
3834;07/16/2025 14:43:04;CCD;AMN;POST;I;DW369;0.9;Detection;Ramp;Auto;8.92;60.00;6;5;OFF;1.2;0.3;0.0
3835;07/16/2025 14:43:26;CCD;AMN;POST;I;DW369;2.6;Detection;Ramp;Auto;25.51;60.00;6;5;OFF;1.2;0.3;0.0
3836;07/16/2025 14:43:36;CCD;AMN;POST;I;DW369;1.6;Detection;Ramp;Auto;16.55;60.00;6;5;OFF;1.2;0.3;0.0
3837;07/16/2025 14:43:43;CCD;AMN;POST;I;DW369;2.5;Detection;Ramp;Auto;25.17;60.00;6;5;OFF;1.2;0.3;0.0
3838;07/16/2025 14:43:48;CCD;AMN;POST;I;DW369;0.0;Detection;Ramp;Auto;0.30;60.00;6;5;OFF;1.2;0.3;0.0
3839;07/16/2025 14:44:01;CCD;AMN;POST;I;DW369;2.0;Detection;Ramp;Auto;20.53;60.00;6;5;OFF;1.2;0.3;0.0
3840;07/16/2025 14:44:06;CCD;AMN;POST;I;DW369;1.9;Detection;Ramp;Auto;19.87;60.00;6;5;OFF;1.2;0.3;0.0
3841;07/16/2025 14:44:16;CCD;AMN;POST;I;DW369;2.7;Detection;Ramp;Auto;27.17;60.00;6;5;OFF;1.2;0.3;0.0
3842;07/16/2025 14:44:30;CCD;AMN;POST;I;DW369;0.9;Detection;Ramp;Auto;9.26;60.00;6;5;OFF;1.2;0.3;0.0
3843;07/16/2025 14:44:42;CCD;AMN;POST;I;DW369;1.0;Detection;Ramp;Auto;10.91;60.00;6;5;OFF;1.2;0.3;0.0
3844;07/16/2025 14:46:05;CCD;AMN;POST;I;DW369;1.5;Detection;Ramp;Auto;15.89;60.00;6;5;OFF;1.2;0.3;0.0
3845;07/16/2025 14:46:10;CCD;AMN;POST;I;DW369;2.1;Detection;Ramp;Auto;20.86;60.00;6;5;OFF;1.2;0.3;0.0
3846;07/16/2025 14:46:22;CCD;AMN;POST;I;DW369;2.1;Detection;Ramp;Auto;21.53;60.00;6;5;OFF;1.2;0.3;0.0
3847;07/22/2025 09:05:17;CCD;AMN;POST;I;DW369;3.0;Detection;Ramp;Auto;29.49;60.00;6;5;OFF;1.2;0.3;0.0
3848;07/22/2025 09:05:29;CCD;AMN;POST;I;DW369;2.7;Detection;Ramp;Auto;26.83;60.00;6;5;OFF;1.2;0.3;0.0
3849;07/22/2025 09:06:19;CCD;AMN;POST;I;DW369;0.0;Detection;Ramp;Auto;0.96;60.00;6;5;OFF;1.2;0.3;0.0
3850;07/22/2025 09:06:38;CCD;AMN;POST;I;DW369;4.6;Detection;Ramp;Auto;45.74;60.00;6;5;OFF;1.2;0.3;0.0
3851;07/22/2025 09:06:51;CCD;AMN;POST;I;DW369;3.2;Detection;Ramp;Auto;32.14;60.00;6;5;OFF;1.2;0.3;0.0
3852;07/22/2025 09:07:02;CCD;AMN;POST;I;DW369;1.7;Detection;Ramp;Auto;17.22;60.00;6;5;OFF;1.2;0.3;0.0
3853;07/22/2025 09:07:17;CCD;AMN;POST;I;DW369;3.8;Detection;Ramp;Auto;38.11;60.00;6;5;OFF;1.2;0.3;0.0
3854;07/22/2025 09:07:25;CCD;AMN;POST;I;DW369;2.5;Detection;Ramp;Auto;25.17;60.00;6;5;OFF;1.2;0.3;0.0
3855;07/22/2025 09:07:32;CCD;AMN;POST;I;DW369;3.3;Detection;Ramp;Auto;33.13;60.00;6;5;OFF;1.2;0.3;0.0
3856;07/22/2025 09:07:45;CCD;AMN;POST;I;DW369;3.6;Detection;Ramp;Auto;35.46;60.00;6;5;OFF;1.2;0.3;0.0
3857;07/22/2025 09:07:52;CCD;AMN;POST;I;DW369;1.7;Detection;Ramp;Auto;16.88;60.00;6;5;OFF;1.2;0.3;0.0
3858;07/22/2025 09:08:06;CCD;AMN;POST;I;DW369;3.4;Detection;Ramp;Auto;34.46;60.00;6;5;OFF;1.2;0.3;0.0
3859;07/22/2025 09:08:22;CCD;AMN;POST;I;DW369;3.4;Detection;Ramp;Auto;33.80;60.00;6;5;OFF;1.2;0.3;0.0
3860;07/22/2025 09:08:40;CCD;AMN;POST;I;DW369;2.1;Detection;Ramp;Auto;20.86;60.00;6;5;OFF;1.2;0.3;0.0
3861;07/22/2025 09:09:03;CCD;AMN;POST;I;DW369;0.5;Detection;Ramp;Auto;5.94;60.00;6;5;OFF;1.2;0.3;0.0
3862;07/22/2025 09:09:24;CCD;AMN;POST;I;DW369;1.8;Detection;Ramp;Auto;19.20;60.00;6;5;OFF;1.2;0.3;0.0
3863;07/22/2025 09:09:47;CCD;AMN;POST;I;DW369;2.8;Detection;Ramp;Auto;28.82;60.00;6;5;OFF;1.2;0.3;0.0
3864;07/22/2025 09:09:57;CCD;AMN;POST;I;DW369;3.4;Detection;Ramp;Auto;34.46;60.00;6;5;OFF;1.2;0.3;0.0
3865;07/22/2025 09:10:17;CCD;AMN;POST;I;DW369;2.1;Detection;Ramp;Auto;21.53;60.00;6;5;OFF;1.2;0.3;0.0
3866;07/22/2025 09:10:28;CCD;AMN;POST;I;DW369;2.4;Detection;Ramp;Auto;24.18;60.00;6;5;OFF;1.2;0.3;0.0
3867;07/22/2025 09:11:23;CCD;AMN;POST;I;DW369;3.8;Detection;Ramp;Auto;37.78;60.00;6;5;OFF;1.2;0.3;0.0
3868;07/22/2025 09:11:33;CCD;AMN;POST;I;DW369;2.3;Detection;Ramp;Auto;23.52;60.00;6;5;OFF;1.2;0.3;0.0
3869;07/22/2025 09:11:42;CCD;AMN;POST;I;DW369;2.7;Detection;Ramp;Auto;27.83;60.00;6;5;OFF;1.2;0.3;0.0
3870;07/22/2025 09:12:15;CCD;AMN;POST;I;DW369;2.2;Detection;Ramp;Auto;21.86;60.00;6;5;OFF;1.2;0.3;0.0
3871;07/22/2025 09:12:24;CCD;AMN;POST;I;DW369;3.3;Detection;Ramp;Auto;32.80;60.00;6;5;OFF;1.2;0.3;0.0
3872;07/22/2025 09:12:37;CCD;AMN;POST;I;DW369;0.2;Detection;Ramp;Auto;2.95;60.00;6;5;OFF;1.2;0.3;0.0
3873;07/22/2025 09:13:09;CCD;AMN;POST;I;DW369;0.1;Detection;Ramp;Auto;2.29;60.00;6;5;OFF;1.2;0.3;0.0
3874;07/22/2025 09:13:16;CCD;AMN;POST;I;DW369;0.1;Detection;Ramp;Auto;2.29;60.00;6;5;OFF;1.2;0.3;0.0
3875;07/22/2025 09:13:25;CCD;AMN;POST;I;DW369;4.3;Detection;Ramp;Auto;42.75;60.00;6;5;OFF;1.2;0.3;0.0
3876;07/22/2025 09:13:35;CCD;AMN;POST;I;DW369;0.8;Detection;Ramp;Auto;8.92;60.00;6;5;OFF;1.2;0.3;0.0
3877;07/22/2025 09:14:24;CCD;AMN;POST;I;DW369;3.3;Detection;Ramp;Auto;32.80;60.00;6;5;OFF;1.2;0.3;0.0
3878;07/22/2025 09:14:35;CCD;AMN;POST;I;DW369;0.3;Detection;Ramp;Auto;3.95;60.00;6;5;OFF;1.2;0.3;0.0
3879;07/22/2025 09:14:46;CCD;AMN;POST;I;DW369;3.2;Detection;Ramp;Auto;32.14;60.00;6;5;OFF;1.2;0.3;0.0
3880;07/22/2025 09:15:06;CCD;AMN;POST;I;DW369;3.2;Detection;Ramp;Auto;32.14;60.00;6;5;OFF;1.2;0.3;0.0
3881;07/22/2025 09:15:18;CCD;AMN;POST;I;DW369;2.4;Detection;Ramp;Auto;24.18;60.00;6;5;OFF;1.2;0.3;0.0
3882;07/22/2025 09:15:31;CCD;AMN;POST;I;DW369;3.6;Detection;Ramp;Auto;36.12;60.00;6;5;OFF;1.2;0.3;0.0
3883;07/22/2025 09:16:20;CCD;AMN;POST;C;DW369;3.6;Detection;Ramp;Auto;35.46;60.00;6;5;OFF;1.2;0.3;0.0
3884;07/22/2025 09:16:35;CCD;AMN;POST;C;DW369;3.9;Detection;Ramp;Auto;38.77;60.00;6;5;OFF;1.2;0.3;0.0
3885;07/22/2025 09:16:54;CCD;AMN;POST;C;DW369;6.0;Detection;Ramp;Auto;59.67;60.00;6;5;OFF;1.2;0.3;0.0
3886;07/22/2025 09:17:11;CCD;AMN;POST;C;DW369;6.3;Detection;Ramp;Auto;60.00;60.00;6;5;OFF;1.2;0.3;0.0
3887;07/22/2025 09:17:43;CCD;AMN;POST;C;DW369;2.1;Detection;Ramp;Auto;21.19;60.00;6;5;OFF;1.2;0.3;0.0
3888;07/22/2025 09:17:55;CCD;AMN;POST;C;DW369;4.8;Detection;Ramp;Auto;48.39;60.00;6;5;OFF;1.2;0.3;0.0
3889;07/22/2025 09:18:06;CCD;AMN;POST;C;DW369;4.2;Detection;Ramp;Auto;41.43;60.00;6;5;OFF;1.2;0.3;0.0
3890;07/22/2025 09:18:35;CCD;AMN;POST;C;DW369;3.9;Detection;Ramp;Auto;38.77;60.00;6;5;OFF;1.2;0.3;0.0
3891;07/22/2025 09:18:42;CCD;AMN;POST;C;DW369;2.4;Detection;Ramp;Auto;24.18;60.00;6;5;OFF;1.2;0.3;0.0
3892;07/22/2025 09:19:29;CCD;AMN;POST;C;DW369;0.3;Detection;Ramp;Auto;3.62;60.00;6;5;OFF;1.2;0.3;0.0
3893;07/22/2025 09:19:42;CCD;AMN;POST;C;DW369;2.4;Detection;Ramp;Auto;23.85;60.00;6;5;OFF;1.2;0.3;0.0
3894;07/22/2025 09:19:52;CCD;AMN;POST;C;DW369;3.1;Detection;Ramp;Auto;31.81;60.00;6;5;OFF;1.2;0.3;0.0
3895;07/22/2025 09:20:03;CCD;AMN;POST;C;DW369;3.7;Detection;Ramp;Auto;36.45;60.00;6;5;OFF;1.2;0.3;0.0
3896;07/22/2025 09:20:21;CCD;AMN;POST;C;DW369;0.3;Detection;Ramp;Auto;3.62;60.00;6;5;OFF;1.2;0.3;0.0
3897;07/22/2025 09:20:34;CCD;AMN;POST;C;DW369;4.4;Detection;Ramp;Auto;43.75;60.00;6;5;OFF;1.2;0.3;0.0
3898;07/22/2025 09:20:47;CCD;AMN;POST;C;DW369;4.7;Detection;Ramp;Auto;47.06;60.00;6;5;OFF;1.2;0.3;0.0
3899;07/22/2025 09:20:52;CCD;AMN;POST;C;DW369;0.0;Detection;Ramp;Auto;0.30;60.00;6;5;OFF;1.2;0.3;0.0
3900;07/22/2025 09:21:07;CCD;AMN;POST;C;DW369;5.9;Detection;Ramp;Auto;58.01;60.00;6;5;OFF;1.2;0.3;0.0
3901;07/22/2025 09:21:26;CCD;AMN;POST;C;DW369;2.5;Detection;Ramp;Auto;25.51;60.00;6;5;OFF;1.2;0.3;0.0
3902;07/22/2025 09:21:41;CCD;AMN;POST;C;DW369;3.1;Detection;Ramp;Auto;31.48;60.00;6;5;OFF;1.2;0.3;0.0
3903;07/22/2025 09:22:20;CCD;AMN;POST;C;DW369;2.6;Detection;Ramp;Auto;26.50;60.00;6;5;OFF;1.2;0.3;0.0
3904;07/22/2025 09:23:03;CCD;AMN;POST;C;DW369;3.4;Detection;Ramp;Auto;34.13;60.00;6;5;OFF;1.2;0.3;0.0
3905;07/22/2025 09:23:13;CCD;AMN;POST;C;DW369;0.9;Detection;Ramp;Auto;10.25;60.00;6;5;OFF;1.2;0.3;0.0
3906;07/22/2025 09:23:24;CCD;AMN;POST;C;DW369;3.1;Detection;Ramp;Auto;32.14;60.00;6;5;OFF;1.2;0.3;0.0
3907;07/22/2025 09:23:41;CCD;AMN;POST;C;DW369;4.8;Detection;Ramp;Auto;48.39;60.00;6;5;OFF;1.2;0.3;0.0
3908;07/22/2025 09:23:47;CCD;AMN;POST;C;DW369;2.5;Detection;Ramp;Auto;25.51;60.00;6;5;OFF;1.2;0.3;0.0
3909;07/22/2025 09:24:12;CCD;AMN;POST;C;DW369;3.8;Detection;Ramp;Auto;37.78;60.00;6;5;OFF;1.2;0.3;0.0
3910;07/22/2025 09:24:20;CCD;AMN;POST;C;DW369;0.2;Detection;Ramp;Auto;3.29;60.00;6;5;OFF;1.2;0.3;0.0
3911;07/22/2025 09:24:34;CCD;AMN;POST;C;DW369;2.2;Detection;Ramp;Auto;22.85;60.00;6;5;OFF;1.2;0.3;0.0
3912;07/22/2025 09:24:51;CCD;AMN;POST;C;DW369;4.9;Detection;Ramp;Auto;49.06;60.00;6;5;OFF;1.2;0.3;0.0
3913;07/22/2025 09:25:01;CCD;AMN;POST;C;DW369;0.5;Detection;Ramp;Auto;5.61;60.00;6;5;OFF;1.2;0.3;0.0
3914;07/22/2025 09:25:21;CCD;AMN;POST;C;DW369;3.8;Detection;Ramp;Auto;38.44;60.00;6;5;OFF;1.2;0.3;0.0
3915;07/22/2025 09:25:36;CCD;AMN;POST;C;DW369;3.5;Detection;Ramp;Auto;35.13;60.00;6;5;OFF;1.2;0.3;0.0
3916;07/22/2025 09:25:51;CCD;AMN;POST;C;DW369;3.2;Detection;Ramp;Auto;32.14;60.00;6;5;OFF;1.2;0.3;0.0
3917;07/22/2025 09:26:04;CCD;AMN;POST;C;DW369;5.6;Detection;Ramp;Auto;55.69;60.00;6;5;OFF;1.2;0.3;0.0
3918;07/22/2025 09:26:21;CCD;AMN;POST;C;DW369;5.8;Detection;Ramp;Auto;57.68;60.00;6;5;OFF;1.2;0.3;0.0
3919;07/22/2025 09:26:33;CCD;AMN;POST;C;DW369;5.9;Detection;Ramp;Auto;59.01;60.00;6;5;OFF;1.2;0.3;0.0
3920;07/22/2025 09:26:45;CCD;AMN;POST;C;DW369;4.3;Detection;Ramp;Auto;43.42;60.00;6;5;OFF;1.2;0.3;0.0
3921;07/22/2025 09:26:58;CCD;AMN;POST;C;DW369;5.0;Detection;Ramp;Auto;49.39;60.00;6;5;OFF;1.2;0.3;0.0
3922;07/22/2025 09:27:05;CCD;AMN;POST;C;DW369;1.8;Detection;Ramp;Auto;18.87;60.00;6;5;OFF;1.2;0.3;0.0
3923;07/22/2025 09:27:19;CCD;AMN;POST;C;DW369;2.9;Detection;Ramp;Auto;28.49;60.00;6;5;OFF;1.2;0.3;0.0
3924;07/22/2025 09:27:29;CCD;AMN;POST;C;DW369;3.6;Detection;Ramp;Auto;36.45;60.00;6;5;OFF;1.2;0.3;0.0
3925;07/24/2025 09:10:02;CCD;AMN;POST;I;DW368;1.2;Detection;Ramp;Auto;12.90;60.00;6;5;OFF;1.2;0.3;0.0
3926;07/24/2025 09:10:24;CCD;AMN;POST;I;DW368;1.0;Detection;Ramp;Auto;10.91;60.00;6;5;OFF;1.2;0.3;0.0
3927;07/24/2025 09:10:34;CCD;AMN;POST;I;DW368;1.7;Detection;Ramp;Auto;17.55;60.00;6;5;OFF;1.2;0.3;0.0
3928;07/24/2025 09:10:45;CCD;AMN;POST;I;DW368;1.1;Detection;Ramp;Auto;12.24;60.00;6;5;OFF;1.2;0.3;0.0
3929;07/24/2025 09:11:04;CCD;AMN;POST;I;DW368;1.3;Detection;Ramp;Auto;13.23;60.00;6;5;OFF;1.2;0.3;0.0
3930;07/24/2025 09:11:39;CCD;AMN;POST;I;DW368;1.3;Detection;Ramp;Auto;13.90;60.00;6;5;OFF;1.2;0.3;0.0
3931;07/24/2025 09:11:50;CCD;AMN;POST;I;DW368;1.9;Detection;Ramp;Auto;19.87;60.00;6;5;OFF;1.2;0.3;0.0
3932;07/24/2025 09:12:31;CCD;AMN;POST;I;DW368;1.3;Detection;Ramp;Auto;13.23;60.00;6;5;OFF;1.2;0.3;0.0
3933;07/24/2025 09:13:02;CCD;AMN;POST;I;DW368;0.7;Detection;Ramp;Auto;7.93;60.00;6;5;OFF;1.2;0.3;0.0
3934;07/24/2025 09:13:32;CCD;AMN;POST;I;DW368;0.3;Detection;Ramp;Auto;3.29;60.00;6;5;OFF;1.2;0.3;0.0
3935;07/24/2025 09:13:47;CCD;AMN;POST;I;DW368;2.0;Detection;Ramp;Auto;20.20;60.00;6;5;OFF;1.2;0.3;0.0
3936;07/24/2025 09:13:57;CCD;AMN;POST;I;DW368;0.8;Detection;Ramp;Auto;9.26;60.00;6;5;OFF;1.2;0.3;0.0
3937;07/24/2025 09:14:30;CCD;AMN;POST;I;DW368;1.4;Detection;Ramp;Auto;14.56;60.00;6;5;OFF;1.2;0.3;0.0
3938;07/24/2025 09:14:53;CCD;AMN;POST;I;DW368;1.0;Detection;Ramp;Auto;11.24;60.00;6;5;OFF;1.2;0.3;0.0
3939;07/24/2025 09:15:15;CCD;AMN;POST;I;DW368;0.4;Detection;Ramp;Auto;5.28;60.00;6;5;OFF;1.2;0.3;0.0
3940;07/24/2025 09:15:56;CCD;AMN;POST;I;DW368;1.4;Detection;Ramp;Auto;13.90;60.00;6;5;OFF;1.2;0.3;0.0
3941;07/24/2025 09:16:07;CCD;AMN;POST;I;DW368;0.7;Detection;Ramp;Auto;7.93;60.00;6;5;OFF;1.2;0.3;0.0
3942;07/24/2025 09:16:39;CCD;AMN;POST;I;DW368;0.5;Detection;Ramp;Auto;5.28;60.00;6;5;OFF;1.2;0.3;0.0
3943;07/24/2025 09:17:13;CCD;AMN;POST;I;DW368;0.6;Detection;Ramp;Auto;7.26;60.00;6;5;OFF;1.2;0.3;0.0
3944;07/24/2025 09:17:24;CCD;AMN;POST;I;DW368;1.0;Detection;Ramp;Auto;11.24;60.00;6;5;OFF;1.2;0.3;0.0
3945;07/24/2025 09:17:49;CCD;AMN;POST;I;DW368;1.8;Detection;Ramp;Auto;18.87;60.00;6;5;OFF;1.2;0.3;0.0
3946;07/24/2025 09:18:01;CCD;AMN;POST;I;DW368;0.5;Detection;Ramp;Auto;5.94;60.00;6;5;OFF;1.2;0.3;0.0
3947;07/24/2025 09:18:58;CCD;AMN;POST;I;DW368;1.6;Detection;Ramp;Auto;16.55;60.00;6;5;OFF;1.2;0.3;0.0
3948;07/24/2025 09:19:21;CCD;AMN;POST;I;DW368;1.6;Detection;Ramp;Auto;16.22;60.00;6;5;OFF;1.2;0.3;0.0
3949;07/24/2025 09:20:06;CCD;AMN;POST;I;DW368;1.3;Detection;Ramp;Auto;14.23;60.00;6;5;OFF;1.2;0.3;0.0
3950;07/24/2025 09:20:12;CCD;AMN;POST;I;DW368;0.4;Detection;Ramp;Auto;4.28;60.00;6;5;OFF;1.2;0.3;0.0
3951;07/24/2025 09:22:03;CCD;AMN;POST;I;DW368;0.7;Detection;Ramp;Auto;7.60;60.00;6;5;OFF;1.2;0.3;0.0
3952;07/24/2025 09:22:15;CCD;AMN;POST;I;DW368;0.7;Detection;Ramp;Auto;7.93;60.00;6;5;OFF;1.2;0.3;0.0
3953;07/24/2025 09:22:56;CCD;AMN;POST;C;DW368;5.4;Detection;Ramp;Auto;53.37;60.00;6;5;OFF;1.2;0.3;0.0
3954;07/24/2025 09:23:07;CCD;AMN;POST;C;DW368;5.1;Detection;Ramp;Auto;50.71;60.00;6;5;OFF;1.2;0.3;0.0
3955;07/24/2025 09:23:26;CCD;AMN;POST;C;DW368;3.9;Detection;Ramp;Auto;39.10;60.00;6;5;OFF;1.2;0.3;0.0
3956;07/24/2025 09:23:43;CCD;AMN;POST;C;DW368;5.4;Detection;Ramp;Auto;53.70;60.00;6;5;OFF;1.2;0.3;0.0
3957;07/24/2025 09:23:57;CCD;AMN;POST;C;DW368;3.4;Detection;Ramp;Auto;33.13;60.00;6;5;OFF;1.2;0.3;0.0
3958;07/24/2025 09:24:14;CCD;AMN;POST;C;DW368;5.2;Detection;Ramp;Auto;51.71;60.00;6;5;OFF;1.2;0.3;0.0
3959;07/24/2025 09:24:37;CCD;AMN;POST;C;DW368;4.9;Detection;Ramp;Auto;48.39;60.00;6;5;OFF;1.2;0.3;0.0
3960;07/24/2025 09:24:49;CCD;AMN;POST;C;DW368;3.1;Detection;Ramp;Auto;31.81;60.00;6;5;OFF;1.2;0.3;0.0
3961;07/24/2025 09:25:00;CCD;AMN;POST;C;DW368;2.4;Detection;Ramp;Auto;24.18;60.00;6;5;OFF;1.2;0.3;0.0
3962;07/24/2025 09:25:13;CCD;AMN;POST;C;DW368;4.5;Detection;Ramp;Auto;45.08;60.00;6;5;OFF;1.2;0.3;0.0
3963;07/24/2025 09:25:23;CCD;AMN;POST;C;DW368;2.6;Detection;Ramp;Auto;25.51;60.00;6;5;OFF;1.2;0.3;0.0
3964;07/24/2025 09:25:37;CCD;AMN;POST;C;DW368;4.8;Detection;Ramp;Auto;47.73;60.00;6;5;OFF;1.2;0.3;0.0
3965;07/24/2025 09:26:39;CCD;AMN;POST;C;DW368;3.1;Detection;Ramp;Auto;31.81;60.00;6;5;OFF;1.2;0.3;0.0
3966;07/24/2025 09:26:58;CCD;AMN;POST;C;DW368;6.0;Detection;Ramp;Auto;60.00;60.00;6;5;OFF;1.2;0.3;0.0
3967;07/24/2025 09:27:25;CCD;AMN;POST;C;DW368;3.1;Detection;Ramp;Auto;30.81;60.00;6;5;OFF;1.2;0.3;0.0
3968;07/24/2025 09:27:41;CCD;AMN;POST;C;DW368;2.4;Detection;Ramp;Auto;24.84;60.00;6;5;OFF;1.2;0.3;0.0
3969;07/24/2025 09:28:37;CCD;AMN;POST;C;DW368;11.0;Cutoff;Ramp;Auto;60.00;60.00;6;5;OFF;1.2;0.3;0.0
3970;07/24/2025 09:28:49;CCD;AMN;POST;C;DW368;2.1;Detection;Ramp;Auto;21.53;60.00;6;5;OFF;1.2;0.3;0.0
3971;07/24/2025 09:29:16;CCD;AMN;POST;C;DW368;3.6;Detection;Ramp;Auto;35.79;60.00;6;5;OFF;1.2;0.3;0.0
3972;07/24/2025 09:29:26;CCD;AMN;POST;C;DW368;2.5;Detection;Ramp;Auto;26.17;60.00;6;5;OFF;1.2;0.3;0.0
3973;07/24/2025 09:29:47;CCD;AMN;POST;C;DW368;3.7;Detection;Ramp;Auto;36.45;60.00;6;5;OFF;1.2;0.3;0.0
3974;07/24/2025 09:29:57;CCD;AMN;POST;C;DW368;2.2;Detection;Ramp;Auto;22.19;60.00;6;5;OFF;1.2;0.3;0.0
3975;07/24/2025 09:30:53;CCD;AMN;POST;C;DW368;2.3;Detection;Ramp;Auto;23.18;60.00;6;5;OFF;1.2;0.3;0.0
3976;07/24/2025 09:31:31;CCD;AMN;POST;C;DW368;3.3;Detection;Ramp;Auto;33.47;60.00;6;5;OFF;1.2;0.3;0.0
3977;07/24/2025 09:31:50;CCD;AMN;POST;C;DW368;1.8;Detection;Ramp;Auto;17.88;60.00;6;5;OFF;1.2;0.3;0.0
3978;07/24/2025 09:32:14;CCD;AMN;POST;C;DW368;2.7;Detection;Ramp;Auto;26.83;60.00;6;5;OFF;1.2;0.3;0.0
3979;07/24/2025 09:32:28;CCD;AMN;POST;C;DW368;2.6;Detection;Ramp;Auto;26.17;60.00;6;5;OFF;1.2;0.3;0.0
3980;07/24/2025 09:32:45;CCD;AMN;POST;C;DW368;3.0;Detection;Ramp;Auto;30.81;60.00;6;5;OFF;1.2;0.3;0.0
3981;07/24/2025 09:33:01;CCD;AMN;POST;C;DW368;2.9;Detection;Ramp;Auto;29.82;60.00;6;5;OFF;1.2;0.3;0.0
3982;07/24/2025 09:33:15;CCD;AMN;POST;C;DW368;5.4;Detection;Ramp;Auto;54.36;60.00;6;5;OFF;1.2;0.3;0.0
3983;07/24/2025 09:33:24;CCD;AMN;POST;C;DW368;2.4;Detection;Ramp;Auto;24.51;60.00;6;5;OFF;1.2;0.3;0.0
3984;07/24/2025 09:33:47;CCD;AMN;POST;C;DW368;4.1;Detection;Ramp;Auto;40.76;60.00;6;5;OFF;1.2;0.3;0.0
3985;07/24/2025 09:34:26;CCD;AMN;POST;C;DW368;4.5;Detection;Ramp;Auto;44.74;60.00;6;5;OFF;1.2;0.3;0.0
3986;07/24/2025 09:34:47;CCD;AMN;POST;C;DW368;1.5;Detection;Ramp;Auto;15.23;60.00;6;5;OFF;1.2;0.3;0.0
3987;07/24/2025 09:35:18;CCD;AMN;POST;C;DW368;2.2;Detection;Ramp;Auto;22.52;60.00;6;5;OFF;1.2;0.3;0.0
3988;07/24/2025 09:35:29;CCD;AMN;POST;C;DW368;3.5;Detection;Ramp;Auto;35.79;60.00;6;5;OFF;1.2;0.3;0.0
3989;07/24/2025 09:35:39;CCD;AMN;POST;C;DW368;3.4;Detection;Ramp;Auto;33.47;60.00;6;5;OFF;1.2;0.3;0.0
